Claim No.,Total Cost (LCY)
9010000001,3500.0
9010000002,5000000.0
9010000003,500.0
9020000002,1000.0
9020000003,1815.18
9020000004,5000000.0
9020000005,5000000.0
9020000006,5000000.0
9020000007,300.0
9020000008,5000.0
9030000001,4537946.31
9030000002,5000.0
9060000002,0.0
9060000004,0.0
9060000005,25000000.0
9060000006,150000000.0
9060000008,50000000.0
9080000001,20000.0
9080000002,15000.0
9080000003,2020000000.0
9130000002,2000000.0
9130000003,5000000.0
9190000002,30000.0
9190000003,60000.0
9190000004,1000.0
9190000005,20000.0
9190000006,10000.0
9190000007,40000.0
9190000008,10000.0
9210000001,2722.77
9210000002,2000.0
9210000003,5000000.0
9210000004,5000000.0
9230000002,5000000.0
9230000003,20000.0
9230000004,5000000.0
9260000001,50000.0
9260000002,300000000.0
9260000004,10000.0
9260000005,0.0
9260000006,800000000.0
9300000002,250000.0
9300000003,5000000.0
9400000002,500.0
9400000004,5000000.0
9450000001,500.0
9450000002,1000.0
9450000003,1000.0
9450000004,2000.0
