Claim No.,Estim. Total Cost (LCY)
9010000001,-2748075.0
9010000002,0.0
9010000003,-275.0
9020000002,-2749450.0
9020000004,-269.0
9020000005,0.0
9020000006,0.0
9060000002,-19248653.0
9060000004,-85250000.0
9060000005,-13750000.0
9060000006,0.0
9060000008,0.0
9130000003,0.0
9190000002,-16500.0
9190000003,0.0
9190000004,-10450.0
9190000005,0.0
9190000006,-5500.0
9190000007,0.0
9190000008,-5500.0
9230000004,0.0
9260000001,-122500000.0
9260000002,0.0
9260000004,-21994500.0
9260000006,0.0
9400000002,-2749725.0
9400000004,0.0
9450000001,163.0
9450000003,0.0
9450000004,0.0
