Policy number,Claim Number,Transaction Type,Ins.-R/I Type,Account Line,Original Currency Amount,Major/Minor Line
4500000002,0000000000,01,00,01,+0000000000011.86,0201
4500000002,0000000000,01,01,01,+0000000000006.53,0201
4500000002,0000000000,01,82,01,+0000000000002.29,0201
4500000002,0000000000,21,82,30,+0000000000000.82,0201
4500000002,0000000000,01,83,01,+0000000000002.29,0201
4500000002,0000000000,21,83,30,+0000000000000.82,0201
4500000002,0000000000,01,87,01,+0000000000001.95,0201
4500000002,0000000000,21,87,30,+0000000000000.70,0201
4500000002,0000000000,01,00,01,+0000000000280.84,1968
4500000002,0000000000,01,01,01,+0000000000158.70,1968
4500000002,0000000000,01,82,01,+0000000000055.55,1968
4500000002,0000000000,21,82,30,+0000000000019.99,1968
4500000002,0000000000,01,83,01,+0000000000055.55,1968
4500000002,0000000000,21,83,30,+0000000000019.99,1968
4500000002,0000000000,01,87,01,+0000000000047.60,1968
4500000002,0000000000,21,87,30,+0000000000017.14,1968
4500000002,0000000000,01,15,01,+0000000000007.69,1968
4500000002,0000000000,76,15,34,+0000000000003.92,1968
4500000001,0000000000,04,00,01,+0000000000011.86,0201
4500000001,0000000000,04,00,01,+0000000000280.84,1968
4500000001,0000000000,04,15,01,+0000000000007.69,1968
4500000001,0000000000,76,15,34,+0000000000003.92,1968
0100000002,0000000000,01,00,01,+0000000000132.87,0111
0100000002,0000000000,01,01,01,+0000000000073.05,0111
0100000002,0000000000,01,82,01,+0000000000025.57,0111
0100000002,0000000000,21,82,30,+0000000000009.21,0111
0100000002,0000000000,01,83,01,+0000000000025.57,0111
0100000002,0000000000,21,83,30,+0000000000009.21,0111
0100000002,0000000000,01,87,01,+0000000000021.91,0111
0100000002,0000000000,21,87,30,+0000000000007.88,0111
0100000002,0000000000,01,15,01,+0000000000003.38,0111
0100000002,0000000000,76,15,34,+0000000000001.54,0111
4500000004,0000000000,01,00,01,+0000000000150.00,1307
4500000004,0000000000,01,01,01,+0000000000082.51,1307
4500000004,0000000000,01,82,01,+0000000000028.88,1307
4500000004,0000000000,21,82,30,+0000000000010.40,1307
4500000004,0000000000,01,83,01,+0000000000028.88,1307
4500000004,0000000000,21,83,30,+0000000000010.40,1307
4500000004,0000000000,01,87,01,+0000000000024.75,1307
4500000004,0000000000,21,87,30,+0000000000008.91,1307
1900000001,0000000000,01,00,01,+0000000000084.39,1901
1900000001,0000000000,01,00,01,+0000000000299.16,0205
1900000001,0000000000,04,00,01,+0000000000084.39,1901
1900000001,0000000000,04,00,01,+0000000000299.16,0205
4500000004,0000000000,05,00,01,+0000000000134.00,1307
4500000004,0000000000,05,01,01,+0000000000073.69,1307
4500000004,0000000000,05,82,01,+0000000000025.79,1307
4500000004,0000000000,21,82,30,+0000000000009.28,1307
4500000004,0000000000,05,83,01,+0000000000025.79,1307
4500000004,0000000000,21,83,30,+0000000000009.28,1307
4500000004,0000000000,05,87,01,+0000000000022.11,1307
4500000004,0000000000,21,87,30,+0000000000007.96,1307
4500000004,0000000000,04,00,01,+0000000000284.00,1307
1900000003,0000000000,01,00,01,+0000000000023.81,1981
1900000003,0000000000,01,01,01,+0000000000013.11,1981
1900000003,0000000000,01,82,01,+0000000000004.59,1981
1900000003,0000000000,21,82,30,+0000000000001.66,1981
1900000003,0000000000,01,83,01,+0000000000004.59,1981
1900000003,0000000000,21,83,30,+0000000000001.66,1981
1900000003,0000000000,01,87,01,+0000000000003.93,1981
1900000003,0000000000,21,87,30,+0000000000001.41,1981
1900000003,0000000000,05,00,01,+0000000000069.26,1981
1900000003,0000000000,05,01,01,+0000000000038.08,1981
1900000003,0000000000,05,82,01,+0000000000013.33,1981
1900000003,0000000000,21,82,30,+0000000000004.80,1981
1900000003,0000000000,05,83,01,+0000000000013.33,1981
1900000003,0000000000,21,83,30,+0000000000004.80,1981
1900000003,0000000000,05,87,01,+0000000000011.42,1981
1900000003,0000000000,21,87,30,+0000000000004.11,1981
1900000004,0000000000,01,00,01,+0000000002643.76,1901
1900000004,0000000000,01,00,01,+0000000000448.76,0205
2100000001,0000000000,01,00,01,+0000000004734.43,1902
2100000001,0000000000,01,00,01,+0000000000001.50,1938
2100000001,0000000000,01,00,01,+0000000000109.00,0301
2100000001,0000000000,01,00,01,+0000000000039.00,0302
2100000001,0000000000,01,00,01,+0000000000045.00,2334
2100000001,0000000000,01,00,01,+0000000000010.00,0202
4500000005,0000000000,01,00,01,+0000000000250.00,2339
4500000005,0000000000,01,01,01,+0000000000137.51,2339
4500000005,0000000000,01,82,01,+0000000000048.13,2339
4500000005,0000000000,21,82,30,+0000000000017.33,2339
4500000005,0000000000,01,83,01,+0000000000048.13,2339
4500000005,0000000000,21,83,30,+0000000000017.33,2339
4500000005,0000000000,01,87,01,+0000000000041.25,2339
4500000005,0000000000,21,87,30,+0000000000014.85,2339
4500000005,0000000000,01,00,01,+0000000000015.00,2339
4500000005,0000000000,01,01,01,+0000000000008.26,2339
4500000005,0000000000,01,82,01,+0000000000002.89,2339
4500000005,0000000000,21,82,30,+0000000000001.04,2339
4500000005,0000000000,01,83,01,+0000000000002.89,2339
4500000005,0000000000,21,83,30,+0000000000001.04,2339
4500000005,0000000000,01,87,01,+0000000000002.48,2339
4500000005,0000000000,21,87,30,+0000000000000.89,2339
4500000005,0000000000,05,00,01,+0000000000022.50,2339
4500000005,0000000000,05,01,01,+0000000000012.37,2339
4500000005,0000000000,05,82,01,+0000000000004.33,2339
4500000005,0000000000,21,82,30,+0000000000001.56,2339
4500000005,0000000000,05,83,01,+0000000000004.33,2339
4500000005,0000000000,21,83,30,+0000000000001.56,2339
4500000005,0000000000,05,87,01,+0000000000003.71,2339
4500000005,0000000000,21,87,30,+0000000000001.34,2339
4500000005,0000000000,04,00,01,+0000000000250.00,2339
4500000005,0000000000,04,00,01,+0000000000037.50,2339
1900000005,0000000000,01,00,01,+0000000000093.07,1981
1900000005,0000000000,01,01,01,+0000000000051.19,1981
1900000005,0000000000,01,82,01,+0000000000017.92,1981
1900000005,0000000000,21,82,30,+0000000000006.46,1981
1900000005,0000000000,01,83,01,+0000000000017.92,1981
1900000005,0000000000,21,83,30,+0000000000006.46,1981
1900000005,0000000000,01,87,01,+0000000000015.35,1981
1900000005,0000000000,21,87,30,+0000000000005.52,1981
1900000004,0000000000,04,00,01,+0000000002643.76,1901
1900000004,0000000000,04,01,01,+0000000001454.06,1901
1900000004,0000000000,04,82,01,+0000000000508.92,1901
1900000004,0000000000,04,83,01,+0000000000508.92,1901
1900000004,0000000000,04,87,01,+0000000000436.22,1901
1900000004,0000000000,21,82,30,+0000000000183.21,1901
1900000004,0000000000,21,83,30,+0000000000183.21,1901
1900000004,0000000000,21,87,30,+0000000000157.04,1901
1900000004,0000000000,04,00,01,+0000000000448.76,0205
1900000004,0000000000,04,01,01,+0000000000246.83,0205
1900000004,0000000000,04,82,01,+0000000000086.39,0205
1900000004,0000000000,21,82,30,+0000000000031.10,0205
1900000004,0000000000,04,83,01,+0000000000086.39,0205
1900000004,0000000000,21,83,30,+0000000000031.10,0205
1900000004,0000000000,04,87,01,+0000000000074.05,0205
1900000004,0000000000,21,87,30,+0000000000026.66,0205
1900000005,0000000000,04,00,01,+0000000000093.07,1981
4500000006,0000000000,01,00,01,+0000000000011.86,0201
4500000006,0000000000,01,00,01,+0000000000280.84,1968
4500000006,0000000000,01,15,01,+0000000000007.69,1968
4500000006,0000000000,76,15,34,+0000000000003.92,1968
0200000001,0000000000,01,00,01,+0000000001000.00,0209
0200000001,0000000000,01,01,01,+0000000000550.00,0209
0200000001,0000000000,01,82,01,+0000000000192.50,0209
0200000001,0000000000,01,83,01,+0000000000192.50,0209
0200000001,0000000000,01,87,01,+0000000000165.00,0209
0200000001,0000000000,21,82,30,+0000000000069.30,0209
0200000001,0000000000,21,83,30,+0000000000069.30,0209
0200000001,0000000000,21,87,30,+0000000000059.40,0209
4500000006,0000000000,05,00,01,-0000000000063.23,1968
0200000001,0000000000,04,00,01,+0000000001000.00,0209
4500000006,0000000000,04,00,01,+0000000000011.86,0201
4500000006,0000000000,04,01,01,+0000000000006.53,0201
4500000006,0000000000,04,82,01,+0000000000002.29,0201
4500000006,0000000000,21,82,30,+0000000000000.82,0201
4500000006,0000000000,04,83,01,+0000000000002.29,0201
4500000006,0000000000,21,83,30,+0000000000000.82,0201
4500000006,0000000000,04,87,01,+0000000000001.95,0201
4500000006,0000000000,21,87,30,+0000000000000.70,0201
4500000006,0000000000,04,00,01,+0000000000217.61,1968
4500000006,0000000000,04,01,01,+0000000000123.93,1968
4500000006,0000000000,04,82,01,+0000000000043.38,1968
4500000006,0000000000,21,82,30,+0000000000015.61,1968
4500000006,0000000000,04,83,01,+0000000000043.38,1968
4500000006,0000000000,21,83,30,+0000000000015.61,1968
4500000006,0000000000,04,87,01,+0000000000037.17,1968
4500000006,0000000000,21,87,30,+0000000000013.38,1968
4500000006,0000000000,04,15,01,+0000000000007.69,1968
4500000006,0000000000,76,15,34,+0000000000003.92,1968
0600000001,0000000000,01,00,01,+0000000010000.00,3430
0600000001,0000000000,01,01,01,+0000000005500.00,3430
0600000001,0000000000,01,82,01,+0000000001925.00,3430
0600000001,0000000000,21,82,30,+0000000000693.00,3430
0600000001,0000000000,01,83,01,+0000000001925.00,3430
0600000001,0000000000,21,83,30,+0000000000693.00,3430
0600000001,0000000000,01,87,01,+0000000001650.00,3430
0600000001,0000000000,21,87,30,+0000000000594.00,3430
0600000001,0000000000,01,00,01,+0000000001000.00,3430
0600000001,0000000000,01,01,01,+0000000000550.00,3430
0600000001,0000000000,01,82,01,+0000000000192.50,3430
0600000001,0000000000,21,82,30,+0000000000069.30,3430
0600000001,0000000000,01,83,01,+0000000000192.50,3430
0600000001,0000000000,21,83,30,+0000000000069.30,3430
0600000001,0000000000,01,87,01,+0000000000165.00,3430
0600000001,0000000000,21,87,30,+0000000000059.40,3430
0600000001,0000000000,01,00,01,+0000000010000.00,3430
0600000001,0000000000,01,01,01,+0000000005500.00,3430
0600000001,0000000000,01,82,01,+0000000001925.00,3430
0600000001,0000000000,21,82,30,+0000000000693.00,3430
0600000001,0000000000,01,83,01,+0000000001925.00,3430
0600000001,0000000000,21,83,30,+0000000000693.00,3430
0600000001,0000000000,01,87,01,+0000000001650.00,3430
0600000001,0000000000,21,87,30,+0000000000594.00,3430
0600000001,0000000000,01,00,01,+0000000001000.00,3430
0600000001,0000000000,01,01,01,+0000000000550.00,3430
0600000001,0000000000,01,82,01,+0000000000192.50,3430
0600000001,0000000000,21,82,30,+0000000000069.30,3430
0600000001,0000000000,01,83,01,+0000000000192.50,3430
0600000001,0000000000,21,83,30,+0000000000069.30,3430
0600000001,0000000000,01,87,01,+0000000000165.00,3430
0600000001,0000000000,21,87,30,+0000000000059.40,3430
0300000001,0000000000,01,00,01,+0000000002000.00,0302
0300000001,0000000000,01,01,01,+0000000001100.00,0302
0300000001,0000000000,01,82,01,+0000000000385.00,0302
0300000001,0000000000,21,82,30,+0000000000138.60,0302
0300000001,0000000000,01,83,01,+0000000000385.00,0302
0300000001,0000000000,21,83,30,+0000000000138.60,0302
0300000001,0000000000,01,87,01,+0000000000330.00,0302
0300000001,0000000000,21,87,30,+0000000000118.80,0302
0300000001,0000000000,01,00,01,+0000000002100.00,3802
0300000001,0000000000,01,01,01,+0000000001155.00,3802
0300000001,0000000000,01,82,01,+0000000000404.25,3802
0300000001,0000000000,21,82,30,+0000000000145.53,3802
0300000001,0000000000,01,83,01,+0000000000404.25,3802
0300000001,0000000000,21,83,30,+0000000000145.53,3802
0300000001,0000000000,01,87,01,+0000000000346.50,3802
0300000001,0000000000,21,87,30,+0000000000124.74,3802
0200000002,0000000000,01,00,01,+0000000001000.00,0209
0200000002,0000000000,01,01,01,+0000000000550.00,0209
0200000002,0000000000,01,82,01,+0000000000192.50,0209
0200000002,0000000000,01,83,01,+0000000000192.50,0209
0200000002,0000000000,01,87,01,+0000000000165.00,0209
0200000002,0000000000,21,82,30,+0000000000069.30,0209
0200000002,0000000000,21,83,30,+0000000000069.30,0209
0200000002,0000000000,21,87,30,+0000000000059.40,0209
0200000002,0000000000,04,00,01,+0000000001000.00,0209
0200000002,0000000000,05,00,01,+0000000000200.00,0209
0600000002,0000000000,01,00,01,+0000000003000.00,3434
0600000002,0000000000,01,01,01,+0000000001650.00,3434
0600000002,0000000000,01,82,01,+0000000000577.50,3434
0600000002,0000000000,21,82,30,+0000000000207.90,3434
0600000002,0000000000,01,83,01,+0000000000577.50,3434
0600000002,0000000000,21,83,30,+0000000000207.90,3434
0600000002,0000000000,01,87,01,+0000000000495.00,3434
0600000002,0000000000,21,87,30,+0000000000178.20,3434
0600000002,0000000000,01,00,01,+0000000006000.00,3434
0600000002,0000000000,01,01,01,+0000000003300.00,3434
0600000002,0000000000,01,82,01,+0000000001155.00,3434
0600000002,0000000000,21,82,30,+0000000000415.80,3434
0600000002,0000000000,01,83,01,+0000000001155.00,3434
0600000002,0000000000,21,83,30,+0000000000415.80,3434
0600000002,0000000000,01,87,01,+0000000000990.00,3434
0600000002,0000000000,21,87,30,+0000000000356.40,3434
0200000004,0000000000,01,00,01,+0000000003500.00,0201
0200000004,0000000000,01,01,01,+0000000001925.00,0201
0200000004,0000000000,01,82,01,+0000000000673.75,0201
0200000004,0000000000,21,82,30,+0000000000242.55,0201
0200000004,0000000000,01,83,01,+0000000000673.75,0201
0200000004,0000000000,21,83,30,+0000000000242.55,0201
0200000004,0000000000,01,87,01,+0000000000577.50,0201
0200000004,0000000000,21,87,30,+0000000000207.90,0201
2100000001,0000000000,05,00,01,+0000000003524.50,1902
0200000005,0000000000,01,00,01,+0000000000003.38,0205
0200000005,0000000000,01,01,01,+0000000000001.86,0205
0200000005,0000000000,01,82,01,+0000000000000.65,0205
0200000005,0000000000,21,82,30,+0000000000000.23,0205
0200000005,0000000000,01,83,01,+0000000000000.65,0205
0200000005,0000000000,21,83,30,+0000000000000.23,0205
0200000005,0000000000,01,87,01,+0000000000000.56,0205
0200000005,0000000000,21,87,30,+0000000000000.20,0205
0200000004,0000000000,04,00,01,+0000000003500.00,0201
2100000001,0000000000,04,00,01,+0000000008258.93,1902
2100000001,0000000000,04,01,01,+0000000004542.39,1902
2100000001,0000000000,04,82,01,+0000000001589.85,1902
2100000001,0000000000,21,82,30,+0000000000572.32,1902
2100000001,0000000000,04,83,01,+0000000001589.85,1902
2100000001,0000000000,21,83,30,+0000000000572.32,1902
2100000001,0000000000,04,87,01,+0000000001362.69,1902
2100000001,0000000000,21,87,30,+0000000000490.56,1902
2100000001,0000000000,04,00,01,+0000000000001.50,1938
2100000001,0000000000,04,01,01,+0000000000000.83,1938
2100000001,0000000000,04,82,01,+0000000000000.29,1938
2100000001,0000000000,21,82,30,+0000000000000.10,1938
2100000001,0000000000,04,83,01,+0000000000000.29,1938
2100000001,0000000000,21,83,30,+0000000000000.10,1938
2100000001,0000000000,04,87,01,+0000000000000.25,1938
2100000001,0000000000,21,87,30,+0000000000000.09,1938
2100000001,0000000000,04,00,01,+0000000000109.00,0301
2100000001,0000000000,04,01,01,+0000000000059.97,0301
2100000001,0000000000,04,82,01,+0000000000020.98,0301
2100000001,0000000000,21,82,30,+0000000000007.55,0301
2100000001,0000000000,04,83,01,+0000000000020.98,0301
2100000001,0000000000,21,83,30,+0000000000007.55,0301
2100000001,0000000000,04,87,01,+0000000000018.01,0301
2100000001,0000000000,21,87,30,+0000000000006.48,0301
2100000001,0000000000,04,00,01,+0000000000039.00,0302
2100000001,0000000000,04,01,01,+0000000000021.45,0302
2100000001,0000000000,04,82,01,+0000000000007.50,0302
2100000001,0000000000,21,82,30,+0000000000002.70,0302
2100000001,0000000000,04,83,01,+0000000000007.50,0302
2100000001,0000000000,21,83,30,+0000000000002.70,0302
2100000001,0000000000,04,87,01,+0000000000006.45,0302
2100000001,0000000000,21,87,30,+0000000000002.31,0302
2100000001,0000000000,04,00,01,+0000000000045.00,2334
2100000001,0000000000,04,01,01,+0000000000024.75,2334
2100000001,0000000000,04,82,01,+0000000000008.66,2334
2100000001,0000000000,21,82,30,+0000000000003.11,2334
2100000001,0000000000,04,83,01,+0000000000008.66,2334
2100000001,0000000000,21,83,30,+0000000000003.11,2334
2100000001,0000000000,04,87,01,+0000000000007.43,2334
2100000001,0000000000,21,87,30,+0000000000002.68,2334
2100000001,0000000000,04,00,01,+0000000000010.00,0202
2100000001,0000000000,04,01,01,+0000000000005.50,0202
2100000001,0000000000,04,82,01,+0000000000001.92,0202
2100000001,0000000000,21,82,30,+0000000000000.70,0202
2100000001,0000000000,04,83,01,+0000000000001.92,0202
2100000001,0000000000,21,83,30,+0000000000000.70,0202
2100000001,0000000000,04,87,01,+0000000000001.66,0202
2100000001,0000000000,21,87,30,+0000000000000.60,0202
0200000004,0000000000,05,00,01,+0000000000700.00,0201
0300000003,0000000000,01,00,01,+0000000002000.00,0302
0300000003,0000000000,01,00,01,+0000000003150.00,3802
0200000005,0000000000,05,00,01,+0000000000014.16,0205
0200000005,0000000000,05,01,01,+0000000000007.79,0205
0200000005,0000000000,05,82,01,+0000000000002.73,0205
0200000005,0000000000,21,82,30,+0000000000000.99,0205
0200000005,0000000000,05,83,01,+0000000000002.73,0205
0200000005,0000000000,21,83,30,+0000000000000.99,0205
0200000005,0000000000,05,87,01,+0000000000002.33,0205
0200000005,0000000000,21,87,30,+0000000000000.84,0205
0200000007,0000000000,01,00,01,+0000000000158.10,0205
0300000003,0000000000,04,00,01,+0000000002000.00,0302
0300000003,0000000000,04,01,01,+0000000001100.00,0302
0300000003,0000000000,04,82,01,+0000000000385.00,0302
0300000003,0000000000,21,82,30,+0000000000138.60,0302
0300000003,0000000000,04,83,01,+0000000000385.00,0302
0300000003,0000000000,21,83,30,+0000000000138.60,0302
0300000003,0000000000,04,87,01,+0000000000330.00,0302
0300000003,0000000000,21,87,30,+0000000000118.80,0302
0300000003,0000000000,04,00,01,+0000000005250.00,3802
0300000003,0000000000,04,01,01,+0000000002887.51,3802
0300000003,0000000000,04,82,01,+0000000001010.63,3802
0300000003,0000000000,21,82,30,+0000000000363.83,3802
0300000003,0000000000,04,83,01,+0000000001010.63,3802
0300000003,0000000000,21,83,30,+0000000000363.83,3802
0300000003,0000000000,04,87,01,+0000000000866.25,3802
0300000003,0000000000,21,87,30,+0000000000311.85,3802
1300000001,0000000000,01,00,01,+0000000001500.00,3742
1300000001,0000000000,01,00,01,+0000000001000.00,3740
0200000007,0000000000,05,00,01,+0000000000094.86,0205
0200000007,0000000000,05,00,01,-0000000000252.96,0205
0200000007,0000000000,05,00,01,+0000000000252.96,0205
2300000001,0000000000,01,00,01,+0000000002911.15,2331
2300000001,0000000000,04,00,01,+0000000003818.52,2331
2300000001,0000000000,04,01,01,+0000000002100.18,2331
2300000001,0000000000,04,82,01,+0000000000735.06,2331
2300000001,0000000000,21,82,30,+0000000000264.62,2331
2300000001,0000000000,04,83,01,+0000000000735.06,2331
2300000001,0000000000,21,83,30,+0000000000264.62,2331
2300000001,0000000000,04,87,01,+0000000000630.06,2331
2300000001,0000000000,21,87,30,+0000000000226.82,2331
0300000003,0000000000,05,00,01,+0000000000525.00,3802
0300000003,0000000000,05,01,01,+0000000000288.75,3802
0300000003,0000000000,05,82,01,+0000000000101.06,3802
0300000003,0000000000,21,82,30,+0000000000036.38,3802
0300000003,0000000000,05,83,01,+0000000000101.06,3802
0300000003,0000000000,21,83,30,+0000000000036.38,3802
0300000003,0000000000,05,87,01,+0000000000086.63,3802
0300000003,0000000000,21,87,30,+0000000000031.19,3802
2300000001,0000000000,05,00,01,+0000000002570.90,2331
2300000001,0000000000,05,01,01,+0000000001413.99,2331
2300000001,0000000000,05,82,01,+0000000000494.90,2331
2300000001,0000000000,21,82,30,+0000000000178.16,2331
2300000001,0000000000,05,83,01,+0000000000494.90,2331
2300000001,0000000000,21,83,30,+0000000000178.16,2331
2300000001,0000000000,05,87,01,+0000000000424.19,2331
2300000001,0000000000,21,87,30,+0000000000152.71,2331
2300000001,0000000000,05,00,01,-0000000006389.42,2331
2300000001,0000000000,05,01,01,-0000000003514.17,2331
2300000001,0000000000,05,82,01,-0000000001229.96,2331
2300000001,0000000000,21,82,30,-0000000000442.78,2331
2300000001,0000000000,05,83,01,-0000000001229.96,2331
2300000001,0000000000,21,83,30,-0000000000442.78,2331
2300000001,0000000000,05,87,01,-0000000001054.25,2331
2300000001,0000000000,21,87,30,-0000000000379.53,2331
2300000001,0000000000,05,00,01,+0000000006389.42,2331
2300000001,0000000000,05,01,01,+0000000003514.17,2331
2300000001,0000000000,05,82,01,+0000000001229.96,2331
2300000001,0000000000,21,82,30,+0000000000442.78,2331
2300000001,0000000000,05,83,01,+0000000001229.96,2331
2300000001,0000000000,21,83,30,+0000000000442.78,2331
2300000001,0000000000,05,87,01,+0000000001054.25,2331
2300000001,0000000000,21,87,30,+0000000000379.53,2331
0800000001,0000000000,01,00,01,+0000000010000.00,4138
0800000001,0000000000,01,00,01,+0000000003500.00,4138
0800000001,0000000000,01,00,01,+0000000004500.00,4138
0800000001,0000000000,04,00,01,+0000000010000.00,4138
0800000001,0000000000,04,01,01,+0000000005500.00,4138
0800000001,0000000000,04,82,01,+0000000001925.00,4138
0800000001,0000000000,21,82,30,+0000000000693.00,4138
0800000001,0000000000,04,83,01,+0000000001925.00,4138
0800000001,0000000000,21,83,30,+0000000000693.00,4138
0800000001,0000000000,04,87,01,+0000000001650.00,4138
0800000001,0000000000,21,87,30,+0000000000594.00,4138
0800000001,0000000000,04,00,01,+0000000003500.00,4138
0800000001,0000000000,04,01,01,+0000000001925.00,4138
0800000001,0000000000,04,82,01,+0000000000673.75,4138
0800000001,0000000000,21,82,30,+0000000000242.55,4138
0800000001,0000000000,04,83,01,+0000000000673.75,4138
0800000001,0000000000,21,83,30,+0000000000242.55,4138
0800000001,0000000000,04,87,01,+0000000000577.50,4138
0800000001,0000000000,21,87,30,+0000000000207.90,4138
0800000001,0000000000,04,00,01,+0000000004500.00,4138
0800000001,0000000000,04,01,01,+0000000002475.00,4138
0800000001,0000000000,04,82,01,+0000000000866.25,4138
0800000001,0000000000,21,82,30,+0000000000311.85,4138
0800000001,0000000000,04,83,01,+0000000000866.25,4138
0800000001,0000000000,21,83,30,+0000000000311.85,4138
0800000001,0000000000,04,87,01,+0000000000742.50,4138
0800000001,0000000000,21,87,30,+0000000000267.30,4138
0800000001,0000000000,05,00,01,+0000000000200.00,4138
0800000001,0000000000,05,01,01,+0000000000110.00,4138
0800000001,0000000000,05,82,01,+0000000000038.50,4138
0800000001,0000000000,21,82,30,+0000000000013.86,4138
0800000001,0000000000,05,83,01,+0000000000038.50,4138
0800000001,0000000000,21,83,30,+0000000000013.86,4138
0800000001,0000000000,05,87,01,+0000000000033.00,4138
0800000001,0000000000,21,87,30,+0000000000011.88,4138
0800000001,0000000000,05,00,01,+0000000000050.00,4138
0800000001,0000000000,05,01,01,+0000000000027.51,4138
0800000001,0000000000,05,82,01,+0000000000009.63,4138
0800000001,0000000000,21,82,30,+0000000000003.47,4138
0800000001,0000000000,05,83,01,+0000000000009.63,4138
0800000001,0000000000,21,83,30,+0000000000003.47,4138
0800000001,0000000000,05,87,01,+0000000000008.25,4138
0800000001,0000000000,21,87,30,+0000000000002.97,4138
2100000003,0000000000,01,00,01,+0000000014239.96,1902
2100000003,0000000000,01,00,01,+0000000000001.50,1938
2100000003,0000000000,01,00,01,+0000000000109.00,0301
2100000003,0000000000,01,00,01,+0000000000039.00,0302
2100000003,0000000000,01,00,01,+0000000000045.00,2334
2100000003,0000000000,01,00,01,+0000000000010.00,0202
1300000001,0000000000,04,00,01,+0000000001500.00,3742
1300000001,0000000000,04,01,01,+0000000000825.00,3742
1300000001,0000000000,04,82,01,+0000000000288.75,3742
1300000001,0000000000,21,82,30,+0000000000103.95,3742
1300000001,0000000000,04,83,01,+0000000000288.75,3742
1300000001,0000000000,21,83,30,+0000000000103.95,3742
1300000001,0000000000,04,87,01,+0000000000247.50,3742
1300000001,0000000000,21,87,30,+0000000000089.10,3742
1300000001,0000000000,04,00,01,+0000000001000.00,3740
1300000001,0000000000,04,01,01,+0000000000550.00,3740
1300000001,0000000000,04,82,01,+0000000000192.50,3740
1300000001,0000000000,21,82,30,+0000000000069.30,3740
1300000001,0000000000,04,83,01,+0000000000192.50,3740
1300000001,0000000000,21,83,30,+0000000000069.30,3740
1300000001,0000000000,04,87,01,+0000000000165.00,3740
1300000001,0000000000,21,87,30,+0000000000059.40,3740
0100000003,0000000000,01,00,01,+0000000000110.86,0111
0100000003,0000000000,01,15,01,+0000000000006.75,0111
0100000003,0000000000,76,15,34,+0000000000003.08,0111
0100000003,0000000000,01,00,01,+0000000000015.47,0119
0100000003,0000000000,01,00,01,+0000000000015.30,1981
0100000003,0000000000,04,00,01,+0000000000096.75,0111
0100000003,0000000000,04,01,01,+0000000000053.24,0111
0100000003,0000000000,04,82,01,+0000000000018.64,0111
0100000003,0000000000,21,82,30,+0000000000006.70,0111
0100000003,0000000000,04,83,01,+0000000000018.64,0111
0100000003,0000000000,21,83,30,+0000000000006.70,0111
0100000003,0000000000,04,87,01,+0000000000015.96,0111
0100000003,0000000000,21,87,30,+0000000000005.75,0111
0100000003,0000000000,04,15,01,+0000000000006.75,0111
0100000003,0000000000,76,15,34,+0000000000003.08,0111
0100000003,0000000000,04,00,01,+0000000000014.70,0119
0100000003,0000000000,04,01,01,+0000000000008.08,0119
0100000003,0000000000,04,82,01,+0000000000002.83,0119
0100000003,0000000000,21,82,30,+0000000000001.00,0119
0100000003,0000000000,04,83,01,+0000000000002.83,0119
0100000003,0000000000,21,83,30,+0000000000001.00,0119
0100000003,0000000000,04,87,01,+0000000000002.42,0119
0100000003,0000000000,21,87,30,+0000000000000.88,0119
0100000003,0000000000,04,00,01,+0000000000015.30,1981
0100000003,0000000000,04,01,01,+0000000000008.40,1981
0100000003,0000000000,04,82,01,+0000000000002.94,1981
0100000003,0000000000,21,82,30,+0000000000001.05,1981
0100000003,0000000000,04,83,01,+0000000000002.94,1981
0100000003,0000000000,21,83,30,+0000000000001.05,1981
0100000003,0000000000,04,87,01,+0000000000002.52,1981
0100000003,0000000000,21,87,30,+0000000000000.91,1981
2100000004,0000000000,01,00,01,+0000000014239.96,1902
2100000004,0000000000,01,00,01,+0000000000001.50,1938
2100000004,0000000000,01,00,01,+0000000000109.00,0301
2100000004,0000000000,01,00,01,+0000000000039.00,0302
2100000004,0000000000,01,00,01,+0000000000045.00,2334
2100000004,0000000000,01,00,01,+0000000000010.00,0202
2100000004,0000000000,05,00,01,-0000000005874.98,1902
2100000004,0000000000,05,00,01,-0000000000000.62,1938
2100000004,0000000000,05,00,01,-0000000000044.96,0301
2100000004,0000000000,05,00,01,-0000000000016.08,0302
2100000004,0000000000,05,00,01,-0000000000018.56,2334
2100000004,0000000000,05,00,01,-0000000000004.12,0202
2100000004,0000000000,05,00,01,+0000000005874.98,1902
2100000004,0000000000,05,00,01,+0000000000000.62,1938
2100000004,0000000000,05,00,01,+0000000000044.96,0301
2100000004,0000000000,05,00,01,+0000000000016.08,0302
2100000004,0000000000,05,00,01,+0000000000018.56,2334
2100000004,0000000000,05,00,01,+0000000000004.12,0202
3000000001,0000000000,01,00,01,+0000000005000.00,3038
3000000001,0000000000,01,01,01,+0000000002750.00,3038
3000000001,0000000000,01,82,01,+0000000000962.50,3038
3000000001,0000000000,21,82,30,+0000000000346.50,3038
3000000001,0000000000,01,83,01,+0000000000962.50,3038
3000000001,0000000000,21,83,30,+0000000000346.50,3038
3000000001,0000000000,01,87,01,+0000000000825.00,3038
3000000001,0000000000,21,87,30,+0000000000297.00,3038
3000000002,0000000000,01,00,01,+0000000005000.00,3038
3000000002,0000000000,05,00,01,+0000000000727.46,3038
3000000002,0000000000,05,00,01,-0000000005727.46,3038
3000000002,0000000000,05,00,01,+0000000006250.00,3038
3000000003,0000000000,01,00,01,+0000000010000.00,3038
3000000003,0000000000,04,00,01,+0000000010000.00,3038
3000000003,0000000000,04,01,01,+0000000005500.00,3038
3000000003,0000000000,04,82,01,+0000000001925.00,3038
3000000003,0000000000,21,82,30,+0000000000693.00,3038
3000000003,0000000000,04,83,01,+0000000001925.00,3038
3000000003,0000000000,21,83,30,+0000000000693.00,3038
3000000003,0000000000,04,87,01,+0000000001650.00,3038
3000000003,0000000000,21,87,30,+0000000000594.00,3038
0600000003,0000000000,01,00,01,+0000000000900.00,3430
0600000003,0000000000,01,01,01,+0000000000495.00,3430
0600000003,0000000000,01,82,01,+0000000000173.25,3430
0600000003,0000000000,21,82,30,+0000000000062.37,3430
0600000003,0000000000,01,83,01,+0000000000173.25,3430
0600000003,0000000000,21,83,30,+0000000000062.37,3430
0600000003,0000000000,01,87,01,+0000000000148.50,3430
0600000003,0000000000,21,87,30,+0000000000053.46,3430
0600000003,0000000000,01,00,01,+0000000001800.00,3430
0600000003,0000000000,01,01,01,+0000000000990.00,3430
0600000003,0000000000,01,82,01,+0000000000346.50,3430
0600000003,0000000000,21,82,30,+0000000000124.74,3430
0600000003,0000000000,01,83,01,+0000000000346.50,3430
0600000003,0000000000,21,83,30,+0000000000124.74,3430
0600000003,0000000000,01,87,01,+0000000000297.00,3430
0600000003,0000000000,21,87,30,+0000000000106.92,3430
0600000004,0000000000,01,00,01,+0000000003000.00,3430
0600000004,0000000000,01,01,01,+0000000001650.00,3430
0600000004,0000000000,01,82,01,+0000000000577.50,3430
0600000004,0000000000,21,82,30,+0000000000207.90,3430
0600000004,0000000000,01,83,01,+0000000000577.50,3430
0600000004,0000000000,21,83,30,+0000000000207.90,3430
0600000004,0000000000,01,87,01,+0000000000495.00,3430
0600000004,0000000000,21,87,30,+0000000000178.20,3430
0600000004,0000000000,01,00,01,+0000000006000.00,3430
0600000004,0000000000,01,01,01,+0000000003300.00,3430
0600000004,0000000000,01,82,01,+0000000001155.00,3430
0600000004,0000000000,21,82,30,+0000000000415.80,3430
0600000004,0000000000,01,83,01,+0000000001155.00,3430
0600000004,0000000000,21,83,30,+0000000000415.80,3430
0600000004,0000000000,01,87,01,+0000000000990.00,3430
0600000004,0000000000,21,87,30,+0000000000356.40,3430
0100000003,0000000000,05,00,01,-0000000000035.51,0111
0100000003,0000000000,05,01,01,-0000000000019.55,0111
0100000003,0000000000,05,82,01,-0000000000006.85,0111
0100000003,0000000000,21,82,30,-0000000000002.45,0111
0100000003,0000000000,05,83,01,-0000000000006.85,0111
0100000003,0000000000,21,83,30,-0000000000002.45,0111
0100000003,0000000000,05,87,01,-0000000000005.85,0111
0100000003,0000000000,21,87,30,-0000000000002.11,0111
0100000003,0000000000,05,00,01,-0000000000002.18,0119
0100000003,0000000000,05,01,01,-0000000000001.21,0119
0100000003,0000000000,05,82,01,-0000000000000.43,0119
0100000003,0000000000,21,82,30,-0000000000000.14,0119
0100000003,0000000000,05,83,01,-0000000000000.43,0119
0100000003,0000000000,21,83,30,-0000000000000.14,0119
0100000003,0000000000,05,87,01,-0000000000000.35,0119
0100000003,0000000000,21,87,30,-0000000000000.12,0119
0100000003,0000000000,05,00,01,-0000000000001.53,1981
0100000003,0000000000,05,01,01,-0000000000000.86,1981
0100000003,0000000000,05,82,01,-0000000000000.30,1981
0100000003,0000000000,21,82,30,-0000000000000.10,1981
0100000003,0000000000,05,83,01,-0000000000000.30,1981
0100000003,0000000000,21,83,30,-0000000000000.10,1981
0100000003,0000000000,05,87,01,-0000000000000.26,1981
0100000003,0000000000,21,87,30,-0000000000000.10,1981
0100000003,0000000000,05,00,01,-0000000000061.24,0111
0100000003,0000000000,05,01,01,-0000000000033.69,0111
0100000003,0000000000,05,82,01,-0000000000011.79,0111
0100000003,0000000000,21,82,30,-0000000000004.25,0111
0100000003,0000000000,05,83,01,-0000000000011.79,0111
0100000003,0000000000,21,83,30,-0000000000004.25,0111
0100000003,0000000000,05,87,01,-0000000000010.11,0111
0100000003,0000000000,21,87,30,-0000000000003.64,0111
0100000003,0000000000,05,15,01,-0000000000006.75,0111
0100000003,0000000000,76,15,34,-0000000000003.08,0111
0100000003,0000000000,05,00,01,-0000000000012.52,0119
0100000003,0000000000,05,01,01,-0000000000006.87,0119
0100000003,0000000000,05,82,01,-0000000000002.40,0119
0100000003,0000000000,21,82,30,-0000000000000.86,0119
0100000003,0000000000,05,83,01,-0000000000002.40,0119
0100000003,0000000000,21,83,30,-0000000000000.86,0119
0100000003,0000000000,05,87,01,-0000000000002.07,0119
0100000003,0000000000,21,87,30,-0000000000000.76,0119
0100000003,0000000000,05,00,01,-0000000000013.77,1981
0100000003,0000000000,05,01,01,-0000000000007.54,1981
0100000003,0000000000,05,82,01,-0000000000002.64,1981
0100000003,0000000000,21,82,30,-0000000000000.95,1981
0100000003,0000000000,05,83,01,-0000000000002.64,1981
0100000003,0000000000,21,83,30,-0000000000000.95,1981
0100000003,0000000000,05,87,01,-0000000000002.26,1981
0100000003,0000000000,21,87,30,-0000000000000.81,1981
0100000003,0000000000,05,00,01,+0000000000061.24,0111
0100000003,0000000000,05,01,01,+0000000000033.69,0111
0100000003,0000000000,05,82,01,+0000000000011.79,0111
0100000003,0000000000,21,82,30,+0000000000004.25,0111
0100000003,0000000000,05,83,01,+0000000000011.79,0111
0100000003,0000000000,21,83,30,+0000000000004.25,0111
0100000003,0000000000,05,87,01,+0000000000010.11,0111
0100000003,0000000000,21,87,30,+0000000000003.64,0111
0100000003,0000000000,05,15,01,+0000000000006.75,0111
0100000003,0000000000,76,15,34,+0000000000003.08,0111
0100000003,0000000000,05,00,01,+0000000000012.52,0119
0100000003,0000000000,05,01,01,+0000000000006.87,0119
0100000003,0000000000,05,82,01,+0000000000002.40,0119
0100000003,0000000000,21,82,30,+0000000000000.86,0119
0100000003,0000000000,05,83,01,+0000000000002.40,0119
0100000003,0000000000,21,83,30,+0000000000000.86,0119
0100000003,0000000000,05,87,01,+0000000000002.07,0119
0100000003,0000000000,21,87,30,+0000000000000.76,0119
0100000003,0000000000,05,00,01,+0000000000013.77,1981
0100000003,0000000000,05,01,01,+0000000000007.54,1981
0100000003,0000000000,05,82,01,+0000000000002.64,1981
0100000003,0000000000,21,82,30,+0000000000000.95,1981
0100000003,0000000000,05,83,01,+0000000000002.64,1981
0100000003,0000000000,21,83,30,+0000000000000.95,1981
0100000003,0000000000,05,87,01,+0000000000002.26,1981
0100000003,0000000000,21,87,30,+0000000000000.81,1981
2600000001,0000000000,01,00,01,+0000000200000.00,3556
2600000001,0000000000,01,02,01,+0000000140000.00,3556
2600000001,0000000000,01,82,01,+0000000049000.00,3556
2600000001,0000000000,01,83,01,+0000000049000.00,3556
2600000001,0000000000,01,87,01,+0000000042000.00,3556
2600000001,0000000000,01,00,01,+0000000050000.00,3556
2600000001,0000000000,01,02,01,+0000000035000.00,3556
2600000001,0000000000,01,82,01,+0000000012250.00,3556
2600000001,0000000000,21,82,30,+0000000003290.00,3556
2600000001,0000000000,01,83,01,+0000000012250.00,3556
2600000001,0000000000,21,83,30,+0000000003290.00,3556
2600000001,0000000000,01,87,01,+0000000010500.00,3556
2600000001,0000000000,21,87,30,+0000000003360.00,3556
2600000001,0000000000,01,00,01,+0000000050000.00,3556
2600000001,0000000000,01,02,01,+0000000035000.00,3556
2600000001,0000000000,01,82,01,+0000000012250.00,3556
2600000001,0000000000,21,82,30,+0000000003290.00,3556
2600000001,0000000000,01,83,01,+0000000012250.00,3556
2600000001,0000000000,21,83,30,+0000000003290.00,3556
2600000001,0000000000,01,87,01,+0000000010500.00,3556
2600000001,0000000000,21,87,30,+0000000003360.00,3556
2600000001,0000000000,01,00,01,+0000000050000.00,3556
2600000001,0000000000,01,02,01,+0000000035000.00,3556
2600000001,0000000000,01,82,01,+0000000012250.00,3556
2600000001,0000000000,21,82,30,+0000000003290.00,3556
2600000001,0000000000,01,83,01,+0000000012250.00,3556
2600000001,0000000000,21,83,30,+0000000003290.00,3556
2600000001,0000000000,01,87,01,+0000000010500.00,3556
2600000001,0000000000,21,87,30,+0000000003360.00,3556
2600000002,0000000000,01,00,01,+0000000050000.00,3551
2600000002,0000000000,01,02,01,+0000000025000.00,3551
2600000002,0000000000,01,82,01,+0000000008750.00,3551
2600000002,0000000000,21,82,30,+0000000003150.00,3551
2600000002,0000000000,01,83,01,+0000000008750.00,3551
2600000002,0000000000,21,83,30,+0000000003150.00,3551
2600000002,0000000000,01,87,01,+0000000007500.00,3551
2600000002,0000000000,21,87,30,+0000000002700.00,3551
2600000002,0000000000,01,01,01,+0000000002500.00,3551
2600000002,0000000000,01,82,01,+0000000000875.00,3551
2600000002,0000000000,21,82,30,+0000000000315.00,3551
2600000002,0000000000,01,83,01,+0000000000875.00,3551
2600000002,0000000000,21,83,30,+0000000000315.00,3551
2600000002,0000000000,01,87,01,+0000000000750.00,3551
2600000002,0000000000,21,87,30,+0000000000270.00,3551
2600000002,0000000000,01,00,01,+0000000050000.00,3551
2600000002,0000000000,01,02,01,+0000000025000.00,3551
2600000002,0000000000,01,82,01,+0000000008750.00,3551
2600000002,0000000000,21,82,30,+0000000003150.00,3551
2600000002,0000000000,01,83,01,+0000000008750.00,3551
2600000002,0000000000,21,83,30,+0000000003150.00,3551
2600000002,0000000000,01,87,01,+0000000007500.00,3551
2600000002,0000000000,21,87,30,+0000000002700.00,3551
2600000002,0000000000,01,01,01,+0000000002500.00,3551
2600000002,0000000000,01,82,01,+0000000000875.00,3551
2600000002,0000000000,21,82,30,+0000000000315.00,3551
2600000002,0000000000,01,83,01,+0000000000875.00,3551
2600000002,0000000000,21,83,30,+0000000000315.00,3551
2600000002,0000000000,01,87,01,+0000000000750.00,3551
2600000002,0000000000,21,87,30,+0000000000270.00,3551
2600000002,0000000000,01,00,01,+0000000050000.00,3551
2600000002,0000000000,01,02,01,+0000000025000.00,3551
2600000002,0000000000,01,82,01,+0000000008750.00,3551
2600000002,0000000000,01,83,01,+0000000008750.00,3551
2600000002,0000000000,01,87,01,+0000000007500.00,3551
2600000002,0000000000,01,01,01,+0000000002500.00,3551
2600000002,0000000000,01,82,01,+0000000000875.00,3551
2600000002,0000000000,01,83,01,+0000000000875.00,3551
2600000002,0000000000,01,87,01,+0000000000750.00,3551
2600000002,0000000000,21,82,30,+0000000003150.00,3551
2600000002,0000000000,21,83,30,+0000000003150.00,3551
2600000002,0000000000,21,87,30,+0000000002700.00,3551
2600000002,0000000000,21,82,30,+0000000000315.00,3551
2600000002,0000000000,21,83,30,+0000000000315.00,3551
2600000002,0000000000,21,87,30,+0000000000270.00,3551
2600000004,0000000000,01,00,01,+0000000050000.00,3556
2600000004,0000000000,01,02,01,+0000000035000.00,3556
2600000004,0000000000,01,82,01,+0000000012250.00,3556
2600000004,0000000000,01,83,01,+0000000012250.00,3556
2600000004,0000000000,01,87,01,+0000000010500.00,3556
2600000004,0000000000,01,00,01,+0000000050000.00,3556
2600000004,0000000000,01,02,01,+0000000035000.00,3556
2600000004,0000000000,01,82,01,+0000000012250.00,3556
2600000004,0000000000,21,82,30,+0000000003290.00,3556
2600000004,0000000000,01,83,01,+0000000012250.00,3556
2600000004,0000000000,21,83,30,+0000000003290.00,3556
2600000004,0000000000,01,87,01,+0000000010500.00,3556
2600000004,0000000000,21,87,30,+0000000003360.00,3556
2600000004,0000000000,01,00,01,+0000000050000.00,3556
2600000004,0000000000,01,02,01,+0000000035000.00,3556
2600000004,0000000000,01,82,01,+0000000012250.00,3556
2600000004,0000000000,21,82,30,+0000000003290.00,3556
2600000004,0000000000,01,83,01,+0000000012250.00,3556
2600000004,0000000000,21,83,30,+0000000003290.00,3556
2600000004,0000000000,01,87,01,+0000000010500.00,3556
2600000004,0000000000,21,87,30,+0000000003360.00,3556
2300000003,0000000000,01,00,01,+0000000001000.00,2342
2300000003,0000000000,01,01,01,+0000000000550.00,2342
2300000003,0000000000,01,82,01,+0000000000192.50,2342
2300000003,0000000000,21,82,30,+0000000000069.30,2342
2300000003,0000000000,01,83,01,+0000000000192.50,2342
2300000003,0000000000,21,83,30,+0000000000069.30,2342
2300000003,0000000000,01,87,01,+0000000000165.00,2342
2300000003,0000000000,21,87,30,+0000000000059.40,2342
2300000003,0000000000,01,00,01,+0000000003000.00,2342
2300000003,0000000000,01,01,01,+0000000001650.00,2342
2300000003,0000000000,01,82,01,+0000000000577.50,2342
2300000003,0000000000,21,82,30,+0000000000207.90,2342
2300000003,0000000000,01,83,01,+0000000000577.50,2342
2300000003,0000000000,21,83,30,+0000000000207.90,2342
2300000003,0000000000,01,87,01,+0000000000495.00,2342
2300000003,0000000000,21,87,30,+0000000000178.20,2342
2300000003,0000000000,01,00,01,+0000000001000.00,2342
2300000003,0000000000,01,01,01,+0000000000550.00,2342
2300000003,0000000000,01,82,01,+0000000000192.50,2342
2300000003,0000000000,21,82,30,+0000000000069.30,2342
2300000003,0000000000,01,83,01,+0000000000192.50,2342
2300000003,0000000000,21,83,30,+0000000000069.30,2342
2300000003,0000000000,01,87,01,+0000000000165.00,2342
2300000003,0000000000,21,87,30,+0000000000059.40,2342
2300000003,0000000000,01,00,01,+0000000001000.00,2342
2300000003,0000000000,01,01,01,+0000000000550.00,2342
2300000003,0000000000,01,82,01,+0000000000192.50,2342
2300000003,0000000000,21,82,30,+0000000000069.30,2342
2300000003,0000000000,01,83,01,+0000000000192.50,2342
2300000003,0000000000,21,83,30,+0000000000069.30,2342
2300000003,0000000000,01,87,01,+0000000000165.00,2342
2300000003,0000000000,21,87,30,+0000000000059.40,2342
2300000003,0000000000,01,00,01,+0000000001000.00,2342
2300000003,0000000000,01,01,01,+0000000000550.00,2342
2300000003,0000000000,01,82,01,+0000000000192.50,2342
2300000003,0000000000,21,82,30,+0000000000069.30,2342
2300000003,0000000000,01,83,01,+0000000000192.50,2342
2300000003,0000000000,21,83,30,+0000000000069.30,2342
2300000003,0000000000,01,87,01,+0000000000165.00,2342
2300000003,0000000000,21,87,30,+0000000000059.40,2342
1300000001,9130000002,19,00,50,+0000003000000.00,3742
0200000002,9020000002,19,00,50,+0000004999000.00,0209
0200000002,9020000002,19,01,50,+0000002749450.00,0209
0200000002,9020000002,19,82,50,+0000000962307.50,0209
0200000002,9020000002,19,83,50,+0000000962307.50,0209
0200000002,9020000002,19,87,50,+0000000824835.00,0209
4500000004,9450000001,19,00,50,+0000000001000.00,1307
4500000004,9450000001,19,01,50,+0000000000550.00,1307
4500000004,9450000001,19,82,50,+0000000000192.50,1307
4500000004,9450000001,19,83,50,+0000000000192.50,1307
4500000004,9450000001,19,87,50,+0000000000165.00,1307
0200000003,9020000003,19,00,50,+0000004536131.13,0212
4500000004,9450000001,21,00,50,+0000000000500.00,1307
4500000004,9450000001,21,01,50,+0000000000220.00,1307
4500000004,9450000001,21,82,50,+0000000000077.00,1307
4500000004,9450000001,21,83,50,+0000000000077.00,1307
4500000004,9450000001,21,87,50,+0000000000066.00,1307
4500000004,9450000001,26,00,50,+0000000000100.00,1307
0600000005,9060000002,19,00,50,+0000005000000.00,3430
0600000005,9060000002,19,01,50,+0000002750000.00,3430
0600000005,9060000002,19,82,50,+0000000962500.00,3430
0600000005,9060000002,19,83,50,+0000000962500.00,3430
0600000005,9060000002,19,87,50,+0000000825000.00,3430
0600000005,9060000002,19,00,50,+0000030000000.00,3430
0600000005,9060000002,19,01,50,+0000016500000.00,3430
0600000005,9060000002,19,82,50,+0000005775000.00,3430
0600000005,9060000002,19,83,50,+0000005775000.00,3430
0600000005,9060000002,19,87,50,+0000004950000.00,3430
4500000006,9450000002,19,00,50,+0000000009000.00,0201
1300000001,9130000002,21,00,50,+0000002000000.00,3742
4500000006,9450000002,21,00,50,+0000000001000.00,0201
1300000001,9130000002,26,00,50,+0000000005000.00,3742
4500000006,9450000002,26,00,50,+0000000000500.00,0201
1300000002,9130000003,22,00,50,+0000005000000.00,3742
1300000002,9130000003,22,01,50,+0000002750000.00,3742
1300000002,9130000003,22,82,50,+0000000962500.00,3742
1300000002,9130000003,22,83,50,+0000000962500.00,3742
1300000002,9130000003,22,87,50,+0000000825000.00,3742
0800000001,9080000001,19,00,50,+0000069980000.00,4138
0200000002,9020000002,21,00,50,+0000000001000.00,0209
0200000002,9020000002,21,01,50,+0000000000550.00,0209
0200000002,9020000002,21,82,50,+0000000000192.50,0209
0200000002,9020000002,21,83,50,+0000000000192.50,0209
0200000002,9020000002,21,87,50,+0000000000165.00,0209
0200000003,9020000003,21,00,50,+0000000001815.18,0212
0600000005,9060000004,19,00,50,+0000005000000.00,3430
0600000005,9060000004,19,01,50,+0000002750000.00,3430
0600000005,9060000004,19,82,50,+0000000962500.00,3430
0600000005,9060000004,19,83,50,+0000000962500.00,3430
0600000005,9060000004,19,87,50,+0000000825000.00,3430
0600000005,9060000004,19,00,50,+0000150000000.00,3430
0600000005,9060000004,19,01,50,+0000082500000.00,3430
0600000005,9060000004,19,82,50,+0000028875000.00,3430
0600000005,9060000004,19,83,50,+0000028875000.00,3430
0600000005,9060000004,19,87,50,+0000024750000.00,3430
0200000003,9020000003,26,00,50,+0000000000453.79,0212
4500000003,9450000003,22,00,50,+0000000001000.00,1938
4500000003,9450000003,22,01,50,+0000000000385.00,1938
4500000003,9450000003,22,82,50,+0000000000134.75,1938
4500000003,9450000003,22,83,50,+0000000000134.75,1938
4500000003,9450000003,22,87,50,+0000000000115.50,1938
4500000003,9450000003,26,00,50,+0000000000300.00,1938
0800000001,9080000001,21,00,50,+0000000020000.00,4138
0800000001,9080000001,26,00,50,+0000000010000.00,4138
0200000004,9020000004,22,00,50,+0000005000000.00,0201
0200000004,9020000004,22,01,50,+0000002749725.00,0201
0200000004,9020000004,22,82,50,+0000000962403.75,0201
0200000004,9020000004,22,83,50,+0000000962403.75,0201
0200000004,9020000004,22,87,50,+0000000824917.50,0201
0200000006,9020000005,22,00,50,+0000005000000.00,0202
0200000006,9020000005,22,01,50,+0000002750000.00,0202
0200000006,9020000005,22,82,50,+0000000962500.00,0202
0200000006,9020000005,22,83,50,+0000000962500.00,0202
0200000006,9020000005,22,87,50,+0000000825000.00,0202
0800000001,9080000002,19,00,50,+0000249985000.00,4138
0200000004,9020000004,26,00,50,+0000000000500.00,0201
4500000005,9450000004,22,00,50,+0000000002000.00,2339
4500000005,9450000004,22,01,50,+0000000000935.00,2339
4500000005,9450000004,22,82,50,+0000000000327.25,2339
4500000005,9450000004,22,83,50,+0000000000327.25,2339
4500000005,9450000004,22,87,50,+0000000000280.50,2339
0600000005,9060000005,19,00,50,+0000025000000.00,3430
0600000005,9060000005,19,01,50,+0000013750000.00,3430
0600000005,9060000005,19,82,50,+0000004812500.00,3430
0600000005,9060000005,19,83,50,+0000004812500.00,3430
0600000005,9060000005,19,87,50,+0000004125000.00,3430
4500000005,9450000004,26,00,50,+0000000000300.00,2339
0600000005,9060000005,21,00,50,+0000025000000.00,3430
0600000005,9060000005,21,01,50,+0000013200000.00,3430
0600000005,9060000005,21,82,50,+0000004620000.00,3430
0600000005,9060000005,21,83,50,+0000004620000.00,3430
0600000005,9060000005,21,87,50,+0000003960000.00,3430
0600000005,9060000005,26,00,50,+0000001000000.00,3430
0800000001,9080000002,21,00,50,+0000000015000.00,4138
2100000002,9210000001,19,00,50,+0000004535223.54,1902
0800000001,9080000002,26,00,50,+0000000010000.00,4138
0800000001,9080000003,22,00,50,+0002020000000.00,4138
0300000003,9030000002,19,00,50,+0000004995000.00,3802
0600000005,9060000006,22,00,50,+0000150000000.00,3430
0600000005,9060000006,26,00,50,+0000000100000.00,3430
0600000005,9060000006,22,01,50,+0000082445000.00,3430
0600000005,9060000006,22,82,50,+0000028855750.00,3430
0600000005,9060000006,22,83,50,+0000028855750.00,3430
0600000005,9060000006,22,87,50,+0000024733500.00,3430
0300000003,9030000002,21,00,50,+0000000005000.00,3802
2100000004,9210000002,19,00,50,+0000004998000.00,1902
0300000004,9030000001,22,00,50,+0000004537946.31,0301
0200000005,9020000006,22,00,50,+0000005000000.00,0205
0200000005,9020000006,22,01,50,+0000002739000.00,0205
0200000005,9020000006,22,82,50,+0000000958650.00,0205
0200000005,9020000006,22,83,50,+0000000958650.00,0205
0200000005,9020000006,22,87,50,+0000000821700.00,0205
0200000005,9020000006,26,00,50,+0000000020000.00,0205
2600000001,9260000001,19,00,50,+0000199950000.00,3556
2600000001,9260000001,19,02,50,+0000122500000.00,3556
2600000001,9260000001,19,82,50,+0000042875000.00,3556
2600000001,9260000001,19,83,50,+0000042875000.00,3556
2600000001,9260000001,19,87,50,+0000036750000.00,3556
0300000004,9030000001,26,00,50,+0000000000181.52,0301
2100000001,9210000003,22,00,50,+0000005000000.00,0302
2100000002,9210000001,21,00,50,+0000000002722.77,1902
2100000004,9210000002,21,00,50,+0000000002000.00,1902
0600000005,9060000008,21,00,50,+0000030000000.00,3430
0600000005,9060000008,21,01,50,+0000016500000.00,3430
0600000005,9060000008,21,82,50,+0000005775000.00,3430
0600000005,9060000008,21,83,50,+0000005775000.00,3430
0600000005,9060000008,21,87,50,+0000004950000.00,3430
2600000001,9260000001,21,00,50,+0000000050000.00,3556
2600000001,9260000001,21,02,50,+0000000028000.00,3556
2600000001,9260000001,21,82,50,+0000000009800.00,3556
2600000001,9260000001,21,83,50,+0000000009800.00,3556
2600000001,9260000001,21,87,50,+0000000008400.00,3556
0600000005,9060000008,22,00,50,+0000020000000.00,3430
0600000005,9060000008,26,00,50,+0000000000500.00,3430
0600000005,9060000008,22,01,50,+0000010999725.00,3430
0600000005,9060000008,22,82,50,+0000003849903.75,3430
0600000005,9060000008,22,83,50,+0000003849903.75,3430
0600000005,9060000008,22,87,50,+0000003299917.50,3430
2600000001,9260000001,26,00,50,+0000000010000.00,3556
2100000002,9210000001,26,00,50,+0000000000453.79,1902
0200000007,9020000007,19,00,50,+0000000004700.00,0205
0200000007,9020000007,21,00,50,+0000000000300.00,0205
0200000007,9020000008,22,00,50,+0000000005000.00,0205
2600000004,9260000002,22,00,50,+0000300000000.00,3556
2600000004,9260000002,22,02,50,+0000175000000.00,3556
2600000004,9260000002,22,82,50,+0000061250000.00,3556
2600000004,9260000002,22,83,50,+0000061250000.00,3556
2600000004,9260000002,22,87,50,+0000052500000.00,3556
2300000001,9230000002,22,00,50,+0000005000000.00,2331
4000000001,9400000002,19,00,50,+0000004999500.00,1967
4000000001,9400000002,19,01,50,+0000002749725.00,1967
4000000001,9400000002,19,82,50,+0000000962403.75,1967
4000000001,9400000002,19,83,50,+0000000962403.75,1967
4000000001,9400000002,19,87,50,+0000000824917.50,1967
3000000002,9300000003,21,00,50,+0000002000000.00,3038
4000000001,9400000002,21,00,50,+0000000000500.00,1967
4000000001,9400000002,21,01,50,+0000000000275.00,1967
4000000001,9400000002,21,82,50,+0000000000096.25,1967
4000000001,9400000002,21,83,50,+0000000000096.25,1967
4000000001,9400000002,21,87,50,+0000000000082.50,1967
3000000002,9300000003,22,00,50,+0000003000000.00,3038
3000000002,9300000003,26,00,50,+0000000001000.00,3038
2100000004,9210000004,22,00,50,+0000005000000.00,0301
3000000003,9300000002,19,00,50,+0000004750000.00,3038
3000000003,9300000002,21,00,50,+0000000250000.00,3038
0100000003,9010000001,19,00,50,+0000004996500.00,0111
0100000003,9010000001,19,01,50,+0000002748075.00,0111
0100000003,9010000001,19,82,50,+0000000961826.25,0111
0100000003,9010000001,19,83,50,+0000000961826.25,0111
0100000003,9010000001,19,87,50,+0000000824422.50,0111
0100000003,9010000001,21,00,50,+0000000003500.00,0111
0100000003,9010000001,21,01,50,+0000000001650.00,0111
0100000003,9010000001,21,82,50,+0000000000577.50,0111
0100000003,9010000001,21,83,50,+0000000000577.50,0111
0100000003,9010000001,21,87,50,+0000000000495.00,0111
0100000003,9010000001,26,00,50,+0000000000500.00,0111
4000000001,9400000004,22,00,50,+0000005000000.00,1967
4000000001,9400000004,22,01,50,+0000002749725.00,1967
4000000001,9400000004,22,82,50,+0000000962403.75,1967
4000000001,9400000004,22,83,50,+0000000962403.75,1967
4000000001,9400000004,22,87,50,+0000000824917.50,1967
2600000002,9260000004,19,00,50,+0000039990000.00,3551
2600000002,9260000004,19,01,50,+0000001999500.00,3551
2600000002,9260000004,19,82,50,+0000000699825.00,3551
2600000002,9260000004,19,83,50,+0000000699825.00,3551
2600000002,9260000004,19,87,50,+0000000599850.00,3551
2600000002,9260000004,19,02,50,+0000019995000.00,3551
2600000002,9260000004,19,82,50,+0000006998250.00,3551
2600000002,9260000004,19,83,50,+0000006998250.00,3551
2600000002,9260000004,19,87,50,+0000005998500.00,3551
4000000001,9400000004,26,00,50,+0000000000500.00,1967
0100000003,9010000002,22,00,50,+0000005000000.00,0119
0100000003,9010000002,22,01,50,+0000002750000.00,0119
0100000003,9010000002,22,82,50,+0000000962500.00,0119
0100000003,9010000002,22,83,50,+0000000962500.00,0119
0100000003,9010000002,22,87,50,+0000000825000.00,0119
2600000002,9260000004,21,00,50,+0000000010000.00,3551
2600000002,9260000004,21,01,50,+0000000000500.00,3551
2600000002,9260000004,21,82,50,+0000000000175.00,3551
2600000002,9260000004,21,83,50,+0000000000175.00,3551
2600000002,9260000004,21,87,50,+0000000000150.00,3551
2600000002,9260000004,21,02,50,+0000000005000.00,3551
2600000002,9260000004,21,82,50,+0000000001750.00,3551
2600000002,9260000004,21,83,50,+0000000001750.00,3551
2600000002,9260000004,21,87,50,+0000000001500.00,3551
2600000003,9260000005,19,00,50,+0000800000000.00,3558
2600000002,9260000006,21,00,50,+0000800000000.00,3551
2600000002,9260000006,26,00,50,+0000000020000.00,3551
2600000002,9260000006,22,01,50,+0000414989000.00,3551
2600000002,9260000006,22,82,50,+0000145246150.00,3551
2600000002,9260000006,22,83,50,+0000145246150.00,3551
2600000002,9260000006,22,87,50,+0000124496700.00,3551
2600000002,9260000006,22,02,50,+0000025000000.00,3551
2600000002,9260000006,22,82,50,+0000008750000.00,3551
2600000002,9260000006,22,83,50,+0000008750000.00,3551
2600000002,9260000006,22,87,50,+0000007500000.00,3551
1900000002,9190000002,19,00,50,+0000000030000.00,1901
1900000002,9190000002,19,01,50,+0000000016500.00,1901
1900000002,9190000002,19,82,50,+0000000005775.00,1901
1900000002,9190000002,19,83,50,+0000000005775.00,1901
1900000002,9190000002,19,87,50,+0000000004950.00,1901
2300000002,9230000003,19,00,50,+0000004980000.00,2342
1900000002,9190000002,21,00,50,+0000000030000.00,1901
1900000002,9190000002,26,00,50,+0000000001000.00,1901
1900000002,9190000002,21,01,50,+0000000015950.00,1901
1900000002,9190000002,21,82,50,+0000000005582.50,1901
1900000002,9190000002,21,83,50,+0000000005582.50,1901
1900000002,9190000002,21,87,50,+0000000004785.00,1901
2300000002,9230000003,21,00,50,+0000000020000.00,2342
2300000002,9230000003,26,00,50,+0000000010000.00,2342
2300000003,9230000004,22,00,50,+0000005000000.00,2342
2300000003,9230000004,26,00,50,+0000000005000.00,2342
2300000003,9230000004,22,01,50,+0000002747250.00,2342
2300000003,9230000004,22,82,50,+0000000961537.50,2342
2300000003,9230000004,22,83,50,+0000000961537.50,2342
2300000003,9230000004,22,87,50,+0000000824175.00,2342
1900000002,9190000003,22,00,50,+0000000060000.00,1901
1900000002,9190000003,22,01,50,+0000000033000.00,1901
1900000002,9190000003,22,82,50,+0000000011550.00,1901
1900000002,9190000003,22,83,50,+0000000011550.00,1901
1900000002,9190000003,22,87,50,+0000000009900.00,1901
1900000003,9190000004,19,00,50,+0000000019000.00,1981
1900000003,9190000004,19,01,50,+0000000010450.00,1981
1900000003,9190000004,19,82,50,+0000000003657.50,1981
1900000003,9190000004,19,83,50,+0000000003657.50,1981
1900000003,9190000004,19,87,50,+0000000003135.00,1981
1900000003,9190000004,21,00,50,+0000000001000.00,1981
1900000003,9190000004,26,00,50,+0000000001000.00,1981
1900000003,9190000005,22,00,50,+0000000020000.00,1981
1900000003,9190000005,22,01,50,+0000000009900.00,1981
1900000003,9190000005,22,82,50,+0000000003465.00,1981
1900000003,9190000005,22,83,50,+0000000003465.00,1981
1900000003,9190000005,22,87,50,+0000000002970.00,1981
1900000003,9190000005,26,00,50,+0000000002000.00,1981
1900000005,9190000006,19,00,50,+0000000010000.00,1981
1900000005,9190000006,19,01,50,+0000000005500.00,1981
1900000005,9190000006,19,82,50,+0000000001925.00,1981
1900000005,9190000006,19,83,50,+0000000001925.00,1981
1900000005,9190000006,19,87,50,+0000000001650.00,1981
1900000005,9190000006,21,00,50,+0000000010000.00,1981
1900000005,9190000006,26,00,50,+0000000010000.00,1981
1900000005,9190000007,22,00,50,+0000000040000.00,1981
1900000005,9190000007,22,01,50,+0000000022000.00,1981
1900000005,9190000007,22,82,50,+0000000007700.00,1981
1900000005,9190000007,22,83,50,+0000000007700.00,1981
1900000005,9190000007,22,87,50,+0000000006600.00,1981
1900000005,9190000008,19,00,50,+0000000010000.00,1981
1900000005,9190000008,19,01,50,+0000000005500.00,1981
1900000005,9190000008,19,82,50,+0000000001925.00,1981
1900000005,9190000008,19,83,50,+0000000001925.00,1981
1900000005,9190000008,19,87,50,+0000000001650.00,1981
1900000005,9190000008,21,00,50,+0000000010000.00,1981
1900000005,9190000008,21,01,50,+0000000005500.00,1981
1900000005,9190000008,21,82,50,+0000000001925.00,1981
1900000005,9190000008,21,83,50,+0000000001925.00,1981
1900000005,9190000008,21,87,50,+0000000001650.00,1981
0100000004,0000000000,01,00,01,+0000000050000.00,0111
0100000004,0000000000,01,01,01,+0000000027500.00,0111
0100000004,0000000000,01,82,01,+0000000009625.00,0111
0100000004,0000000000,21,82,30,+0000000003465.00,0111
0100000004,0000000000,01,83,01,+0000000009625.00,0111
0100000004,0000000000,21,83,30,+0000000003465.00,0111
0100000004,0000000000,01,87,01,+0000000008250.00,0111
0100000004,0000000000,21,87,30,+0000000002970.00,0111
0100000004,9010000003,19,00,50,+0000000000500.00,0111
0100000004,9010000003,19,01,50,+0000000000275.00,0111
0100000004,9010000003,19,82,50,+0000000000096.25,0111
0100000004,9010000003,19,83,50,+0000000000096.25,0111
0100000004,9010000003,19,87,50,+0000000000082.50,0111
0100000004,9010000003,21,00,50,+0000000000500.00,0111
0100000004,9010000003,21,01,50,+0000000000275.00,0111
0100000004,9010000003,21,82,50,+0000000000096.25,0111
0100000004,9010000003,21,83,50,+0000000000096.25,0111
0100000004,9010000003,21,87,50,+0000000000082.50,0111
