ClaimNumber,Claim_Ledger_value,OGIS_Value
9010000001,4996500.0,4996500.0
9010000003,500.0,500.0
9020000002,4999000.0,4999000.0
9020000007,4700.0,4700.0
9030000002,4995000.0,4995000.0
9060000002,35000000.0,35000000.0
9060000005,25000000.0,25000000.0
9080000002,249985000.0,249985000.0
9190000002,30000.0,30000.0
9190000004,19000.0,19000.0
9190000006,10000.0,10000.0
9190000008,10000.0,10000.0
9210000001,4535223.54,4535223.54
9210000002,4998000.0,4998000.0
9230000003,4980000.0,4980000.0
9260000001,199950000.0,199950000.0
9260000004,39990000.0,39990000.0
9260000005,800000000.0,800000000.0
9300000002,4750000.0,4750000.0
9400000002,4999500.0,4999500.0
9450000001,1000.0,1000.0
9450000002,9000.0,9000.0
