Claim Number,Original Currency Amount
9010000001,500.0
9020000003,453.79
9020000004,500.0
9020000006,20000.0
9030000001,181.52
9060000005,1000000.0
9060000006,100000.0
9060000008,500.0
9080000001,10000.0
9080000002,10000.0
9130000002,5000.0
9190000002,1000.0
9190000004,1000.0
9190000005,2000.0
9190000006,10000.0
9210000001,453.79
9230000003,10000.0
9230000004,5000.0
9260000001,10000.0
9260000006,20000.0
9300000003,1000.0
9400000004,500.0
9450000001,100.0
9450000002,500.0
9450000003,300.0
9450000004,300.0
