BROKER_NO,UPDATE_TS,ACTIVATION_DT,DEACTIVATION_DT,FTP_FEED_IN,FTP_FEED_TS
"1558      ","2011-08-30 00:26:04","2011-08-30 00:00:00","2099-12-31 00:00:00","Y","2019-03-25 02:55:45"
"3206      ","2011-08-30 00:26:04","2011-08-30 00:00:00","2099-12-31 00:00:00","Y","2011-08-30 01:05:15"
"0001558   ","2012-05-31 23:31:45","2011-08-30 00:00:00","2099-12-31 00:00:00","Y","2017-02-28 04:34:23"
"0003206   ","2012-05-31 23:31:45","2011-08-30 00:00:00","2099-12-31 00:00:00","Y","2017-02-28 04:34:23"
"0056562   ","2012-05-31 23:31:45","2012-03-22 00:00:00","2099-12-31 00:00:00","Y","2017-02-28 04:34:23"
"0001558   ","2012-06-01 23:31:26","2012-06-01 00:00:00","2099-12-31 00:00:00","Y","2017-02-28 04:34:23"
"0003206   ","2012-06-01 23:31:26","2012-06-01 00:00:00","2099-12-31 00:00:00","Y","2017-02-28 04:34:23"
"0056562   ","2012-06-01 23:31:26","2012-06-01 00:00:00","2099-12-31 00:00:00","Y","2017-02-28 04:34:23"
"0006639   ","2012-06-12 23:30:37","2012-06-04 04:02:55","2099-12-31 00:00:00","Y","2017-02-28 05:32:02"
"0036301   ","2012-06-12 23:30:37","2012-02-23 09:02:25","2099-12-31 00:00:00","Y","2017-02-28 05:32:02"
"0046382   ","2012-06-12 23:30:37","2012-06-04 03:47:56","2099-12-31 00:00:00","Y","2017-02-28 05:32:02"
"0050682   ","2012-06-12 23:30:37","2012-04-03 12:59:35","2099-12-31 00:00:00","Y","2017-02-28 05:32:02"
"0084323   ","2012-06-12 23:30:37","2012-04-19 14:30:39","2099-12-31 00:00:00","Y","2017-03-13 06:15:05"
"52269     ","2012-06-12 23:30:37","2012-03-12 08:10:25","2099-12-31 00:00:00","Y","2012-06-13 01:05:14"
"0007407   ","2013-04-04 23:30:32","2013-04-04 18:05:25","2099-12-31 00:00:00","Y","2013-04-05 01:05:09"
"0068376   ","2013-06-07 23:30:33","2013-06-07 01:25:27","2099-12-31 00:00:00","Y","2013-06-08 01:05:06"
"0085793   ","2013-06-07 23:30:33","2013-06-07 01:25:27","2099-12-31 00:00:00","Y","2013-06-08 01:05:06"
"0061320   ","2013-07-03 23:30:37","2013-07-03 00:52:52","2099-12-31 00:00:00","Y","2013-07-04 01:05:06"
"0096804   ","2013-07-03 23:30:37","2013-07-03 00:52:52","2099-12-31 00:00:00","Y","2013-07-04 01:05:06"
"0088922   ","2014-02-05 04:57:45","2013-10-31 11:08:08","2099-12-31 00:00:00","Y","2014-02-05 04:58:29"
"0085254   ","2013-09-12 23:30:35","2013-09-12 15:44:13","2099-12-31 00:00:00","Y","2013-09-13 01:05:10"
"0005438   ","2013-10-10 23:30:34","2012-06-04 04:02:55","2099-12-31 00:00:00","Y","2017-03-13 06:15:05"
"0076969   ","2013-10-10 23:30:34","2012-06-04 04:02:55","2099-12-31 00:00:00","Y","2013-10-11 01:05:09"
"0077050   ","2013-10-10 23:30:34","2012-06-04 04:02:55","2099-12-31 00:00:00","Y","2017-03-13 06:15:05"
"0084254   ","2013-10-10 23:30:34","2012-06-04 04:02:55","2099-12-31 00:00:00","Y","2013-10-11 01:05:09"
"0086306   ","2013-10-10 23:30:34","2012-06-04 04:02:55","2099-12-31 00:00:00","Y","2013-10-11 01:05:09"
"0086440   ","2013-10-10 23:30:34","2012-06-04 04:02:55","2099-12-31 00:00:00","Y","2013-10-11 01:05:09"
"0087328   ","2013-10-10 23:30:34","2012-06-04 04:02:55","2099-12-31 00:00:00","Y","2013-10-11 01:05:09"
"0088922   ","2014-03-03 00:55:31","2013-10-31 11:08:08","2013-10-31 11:08:08","Y","2014-03-03 01:05:12"
"0085254   ","2014-03-03 23:30:45","2013-09-12 15:44:13","2013-09-12 15:44:13","Y","2014-03-04 01:05:10"
"0088923   ","2013-10-10 23:30:34","2012-06-04 04:02:55","2099-12-31 00:00:00","Y","2013-10-11 01:05:09"
"0095184   ","2013-10-10 23:30:34","2012-06-04 04:02:55","2099-12-31 00:00:00","Y","2013-10-11 01:05:09"
"0097029   ","2013-10-10 23:30:34","2013-04-01 00:00:00","2014-04-01 00:00:00","Y","2017-03-13 06:15:05"
"0061320   ","2014-02-05 04:57:47","2013-07-03 00:52:52","2013-07-03 00:52:52","Y","2014-02-05 04:58:29"
"0096804   ","2014-02-05 04:57:47","2013-07-03 00:52:52","2013-07-03 00:52:52","Y","2014-02-05 04:58:29"
"0005438   ","2014-03-04 23:30:43","2012-06-04 04:02:55","2012-06-04 04:02:55","Y","2017-03-13 06:15:05"
"0076969   ","2014-03-04 23:30:43","2012-06-04 04:02:55","2012-06-04 04:02:55","Y","2014-03-05 01:05:12"
"0077050   ","2014-03-04 23:30:43","2012-06-04 04:02:55","2012-06-04 04:02:55","Y","2017-03-13 06:15:05"
"0084254   ","2014-03-04 23:30:43","2012-06-04 04:02:55","2012-06-04 04:02:55","Y","2014-03-05 01:05:12"
"0086306   ","2014-03-04 23:30:43","2012-06-04 04:02:55","2012-06-04 04:02:55","Y","2014-03-05 01:05:12"
"0086440   ","2014-03-04 23:30:43","2012-06-04 04:02:55","2012-06-04 04:02:55","Y","2014-03-05 01:05:12"
"0087328   ","2014-03-04 23:30:43","2012-06-04 04:02:55","2012-06-04 04:02:55","Y","2014-03-05 01:05:12"
"0088923   ","2014-03-04 23:30:43","2012-06-04 04:02:55","2012-06-04 04:02:55","Y","2014-03-05 01:05:12"
"0095184   ","2014-03-04 23:30:43","2012-06-04 04:02:55","2012-06-04 04:02:55","Y","2014-03-05 01:05:12"
"0097029   ","2014-03-04 23:30:43","2013-04-01 00:00:00","2012-06-04 04:02:55","Y","2017-03-13 06:15:05"
"0039046   ","2014-04-18 23:30:37","2014-04-18 12:20:59","2099-12-31 00:00:00","Y","2014-04-19 01:05:11"
"0047778   ","2014-09-19 23:30:41","2014-09-19 14:46:12","2099-12-31 00:00:00","Y","2014-09-20 01:05:10"
"0000003000","2018-11-16 07:05:43","2011-12-30 01:59:43","2099-12-31 00:00:00","Y","2018-11-16 07:22:41"
"0000004   ","2018-11-16 07:05:43","2012-04-02 05:52:38","2099-12-31 00:00:00","Y","2018-11-16 07:22:41"
"0000007000","2018-11-16 07:05:43","2013-09-04 00:47:05","2099-12-31 00:00:00","Y","2018-11-16 07:22:41"
"0000011   ","2018-11-16 07:05:43","2012-04-02 05:52:38","2099-12-31 00:00:00","Y","2018-11-16 07:22:41"
"0000050000","2018-11-16 07:05:43","2012-01-03 04:53:41","2099-12-31 00:00:00","Y","2018-11-16 07:22:41"
"0000064000","2018-11-16 07:05:43","2013-11-22 05:49:42","2099-12-31 00:00:00","Y","2018-11-16 07:22:41"
"0000067000","2018-11-16 07:05:43","2011-11-23 23:43:48","2099-12-31 00:00:00","Y","2018-11-16 07:22:41"
"0000083000","2018-11-16 07:05:43","2013-11-22 05:49:42","2099-12-31 00:00:00","Y","2018-11-16 07:22:41"
"0000086000","2018-11-16 07:05:43","2012-08-21 01:35:38","2099-12-31 00:00:00","Y","2018-11-16 07:22:41"
"0000086006","2018-11-16 07:05:43","2012-08-24 01:10:14","2099-12-31 00:00:00","Y","2018-11-16 07:22:41"
"0000118000","2018-11-16 07:05:43","2011-11-23 23:43:48","2099-12-31 00:00:00","Y","2018-11-16 07:22:41"
"0000149000","2018-11-16 07:05:43","2013-11-22 05:49:42","2099-12-31 00:00:00","Y","2018-11-16 07:22:41"
"0000157729","2018-11-16 07:05:43","2013-11-22 05:32:28","2099-12-31 00:00:00","Y","2018-11-16 07:22:41"
"0000262000","2018-11-16 07:05:43","2013-11-22 05:49:42","2099-12-31 00:00:00","Y","2018-11-16 07:22:41"
"0000331000","2018-11-16 07:05:43","2013-11-22 05:49:42","2099-12-31 00:00:00","Y","2018-11-16 07:22:41"
"0000408000","2018-11-16 07:05:43","2013-11-22 05:49:42","2099-12-31 00:00:00","Y","2018-11-16 07:22:41"
"0000523100","2018-11-16 07:05:43","2013-12-04 04:52:24","2099-12-31 00:00:00","Y","2018-11-16 07:22:41"
"0000594000","2018-11-16 07:05:43","2013-11-22 05:49:42","2099-12-31 00:00:00","Y","2018-11-16 07:22:41"
"0000900   ","2018-11-16 07:05:43","2012-04-02 05:52:38","2099-12-31 00:00:00","Y","2018-11-16 07:22:41"
"0000904000","2018-11-16 07:05:43","2011-11-24 01:12:55","2099-12-31 00:00:00","Y","2018-11-16 07:22:41"
"0000912000","2018-11-16 07:05:43","2011-11-23 23:43:48","2099-12-31 00:00:00","Y","2018-11-16 07:22:41"
"0000913000","2018-11-16 07:05:43","2011-11-23 23:43:48","2099-12-31 00:00:00","Y","2018-11-16 07:22:41"
"0000916000","2018-11-16 07:05:43","2011-11-23 23:43:48","2099-12-31 00:00:00","Y","2018-11-16 07:22:41"
"0000917000","2018-11-16 07:05:43","2011-11-23 23:43:48","2099-12-31 00:00:00","Y","2018-11-16 07:22:41"
"0000936000","2018-11-16 07:05:43","2013-11-22 05:49:42","2099-12-31 00:00:00","Y","2018-11-16 07:22:41"
"0001002   ","2018-11-16 07:05:43","2012-04-02 05:52:38","2099-12-31 00:00:00","Y","2018-11-16 07:22:41"
"0001099   ","2018-11-16 07:05:43","2012-07-18 12:58:20","2099-12-31 00:00:00","Y","2018-11-16 07:22:41"
"0001101037","2018-11-16 07:05:43","2011-09-14 04:59:29","2099-12-31 00:00:00","Y","2018-11-16 07:22:41"
"0001112223","2018-11-16 07:05:43","2013-12-10 23:37:28","2099-12-31 00:00:00","Y","2018-11-16 07:22:41"
"0001233   ","2018-11-16 07:05:43","2012-04-02 05:52:38","2099-12-31 00:00:00","Y","2018-11-16 07:22:41"
"0001268   ","2018-11-16 07:05:43","2011-01-25 05:42:00","2099-12-31 00:00:00","Y","2018-11-16 07:22:41"
"0001396000","2018-11-16 07:05:43","2011-09-24 00:35:27","2099-12-31 00:00:00","Y","2018-11-16 07:22:41"
"0001604008","2018-11-16 07:05:43","2011-09-14 04:59:30","2099-12-31 00:00:00","Y","2018-11-16 07:22:41"
"0001608001","2018-11-16 07:05:43","2012-03-30 04:48:22","2099-12-31 00:00:00","Y","2018-11-16 07:22:41"
"0001626000","2018-11-16 07:05:43","2012-03-30 04:48:22","2099-12-31 00:00:00","Y","2018-11-16 07:22:41"
"0001633000","2018-11-16 07:05:43","2012-03-30 04:48:22","2099-12-31 00:00:00","Y","2018-11-16 07:22:41"
"0001633005","2018-11-16 07:05:43","2012-03-30 04:48:22","2099-12-31 00:00:00","Y","2018-11-16 07:22:41"
"0001651000","2018-11-16 07:05:43","2013-10-16 03:11:37","2099-12-31 00:00:00","Y","2018-11-16 07:22:41"
"0001654001","2018-11-16 07:05:43","2011-09-14 04:59:30","2099-12-31 00:00:00","Y","2018-11-16 07:22:41"
"0001701000","2018-11-16 07:05:43","2012-03-30 04:48:22","2099-12-31 00:00:00","Y","2018-11-16 07:22:41"
"0001706000","2018-11-16 07:05:43","2011-09-24 01:11:16","2099-12-31 00:00:00","Y","2018-11-16 07:22:41"
"0001712000","2018-11-16 07:05:43","2012-03-30 04:48:22","2099-12-31 00:00:00","Y","2018-11-16 07:22:41"
"0001755000","2018-11-16 07:05:43","2012-03-30 04:48:22","2099-12-31 00:00:00","Y","2018-11-16 07:22:41"
"0001825000","2018-11-16 07:05:43","2011-09-24 01:11:17","2099-12-31 00:00:00","Y","2018-11-16 07:22:41"
"0001831000","2018-11-16 07:05:43","2011-11-23 23:43:48","2099-12-31 00:00:00","Y","2018-11-16 07:22:41"
"0001838000","2018-11-16 07:05:43","2011-11-25 03:56:13","2099-12-31 00:00:00","Y","2018-11-16 07:22:41"
"0001867000","2018-11-16 07:05:43","2012-03-30 04:48:22","2099-12-31 00:00:00","Y","2018-11-16 07:22:41"
"0001880000","2018-11-16 07:05:43","2012-03-30 04:48:22","2099-12-31 00:00:00","Y","2018-11-16 07:22:41"
"0001924000","2018-11-16 07:05:43","2011-11-23 23:43:48","2099-12-31 00:00:00","Y","2018-11-16 07:22:41"
"0001953100","2018-11-16 07:05:43","2013-12-04 04:53:48","2099-12-31 00:00:00","Y","2018-11-16 07:22:41"
"0002002069","2018-11-16 07:05:43","2013-09-04 00:47:05","2099-12-31 00:00:00","Y","2018-11-16 07:22:41"
"0002003   ","2018-11-16 07:05:43","2012-09-25 06:22:51","2099-12-31 00:00:00","Y","2018-11-16 07:22:41"
"0002104154","2018-11-16 07:05:43","2011-09-24 01:11:16","2099-12-31 00:00:00","Y","2018-11-16 07:22:41"
"0002216000","2018-11-16 07:05:43","2011-11-23 23:43:48","2099-12-31 00:00:00","Y","2018-11-16 07:22:41"
"0002704   ","2018-11-16 07:05:43","2011-01-30 00:10:00","2099-12-31 00:00:00","Y","2018-11-16 07:22:41"
"0002731000","2018-11-16 07:05:43","2011-11-23 23:43:48","2099-12-31 00:00:00","Y","2018-11-16 07:22:41"
"0002903   ","2018-11-16 07:05:43","2011-01-25 05:42:00","2099-12-31 00:00:00","Y","2018-11-16 07:22:41"
"0003002   ","2018-11-16 07:05:43","2011-01-25 05:42:00","2099-12-31 00:00:00","Y","2018-11-16 07:22:41"
"0003140000","2018-11-16 07:05:43","2013-10-28 07:42:58","2099-12-31 00:00:00","Y","2018-11-16 07:22:41"
"0003386   ","2018-11-16 07:05:43","2013-11-27 00:52:03","2099-12-31 00:00:00","Y","2018-11-16 07:22:41"
"0003561000","2018-11-16 07:05:43","2011-11-24 01:12:55","2099-12-31 00:00:00","Y","2018-11-16 07:22:41"
"0003675   ","2018-11-16 07:05:43","2011-01-25 05:42:00","2099-12-31 00:00:00","Y","2018-11-16 07:22:41"
"0003701000","2018-11-16 07:05:43","2012-02-22 00:00:57","2099-12-31 00:00:00","Y","2018-11-16 07:22:41"
"0004058001","2018-11-16 07:05:43","2011-11-23 23:43:48","2099-12-31 00:00:00","Y","2018-11-16 07:22:41"
"0004409   ","2018-11-16 07:05:43","2012-04-02 05:52:38","2099-12-31 00:00:00","Y","2018-11-16 07:22:41"
"0004754000","2018-11-16 07:05:43","2011-11-23 23:43:48","2099-12-31 00:00:00","Y","2018-11-16 07:22:41"
"0004908000","2018-11-16 07:05:43","2013-02-26 00:53:24","2099-12-31 00:00:00","Y","2018-11-16 07:22:41"
"0005089000","2018-11-16 07:05:43","2013-09-04 00:47:05","2099-12-31 00:00:00","Y","2018-11-16 07:22:41"
"0005226   ","2018-11-16 07:05:43","2012-04-02 05:52:38","2099-12-31 00:00:00","Y","2018-11-16 07:22:41"
"0005252   ","2018-11-16 07:05:43","2012-04-02 05:52:38","2099-12-31 00:00:00","Y","2018-11-16 07:22:41"
"0005404   ","2018-11-16 07:05:43","2012-04-02 05:52:38","2099-12-31 00:00:00","Y","2018-11-16 07:22:41"
"0005410   ","2018-11-16 07:05:43","2011-01-25 05:42:00","2099-12-31 00:00:00","Y","2018-11-16 07:22:41"
"0005438   ","2018-11-16 07:05:43","2012-06-04 04:02:55","2099-12-31 00:00:00","Y","2018-11-16 07:22:41"
"0005722000","2018-11-16 07:05:43","2011-09-24 01:11:16","2099-12-31 00:00:00","Y","2018-11-16 07:22:41"
"0005775   ","2018-11-16 07:05:43","2011-01-25 05:42:00","2099-12-31 00:00:00","Y","2018-11-16 07:22:41"
"0005843   ","2018-11-16 07:05:43","2011-01-25 05:42:00","2099-12-31 00:00:00","Y","2018-11-16 07:22:41"
"0005874   ","2018-11-16 07:05:43","2012-04-20 07:16:00","2099-12-31 00:00:00","Y","2018-11-16 07:22:41"
"0006016   ","2018-11-16 07:05:43","2012-07-20 04:45:38","2099-12-31 00:00:00","Y","2018-11-16 07:22:41"
"0006022   ","2018-11-16 07:05:43","2011-01-25 05:42:00","2099-12-31 00:00:00","Y","2018-11-16 07:22:41"
"0006079000","2018-11-16 07:05:43","2011-09-24 01:11:16","2099-12-31 00:00:00","Y","2018-11-16 07:22:41"
"0006265   ","2018-11-16 07:05:43","2014-04-10 00:00:00","2099-12-31 00:00:00","Y","2018-11-16 07:22:41"
"0006287000","2018-11-16 07:05:43","2012-08-24 00:54:33","2099-12-31 00:00:00","Y","2018-11-16 07:22:41"
"0006291000","2018-11-16 07:05:43","2012-02-13 04:09:36","2099-12-31 00:00:00","Y","2018-11-16 07:22:41"
"0006492000","2018-11-16 07:05:43","2013-05-08 07:53:37","2099-12-31 00:00:00","Y","2018-11-16 07:22:41"
"0006519000","2018-11-16 07:05:43","2012-08-24 00:54:33","2099-12-31 00:00:00","Y","2018-11-16 07:22:41"
"0006748000","2018-11-16 07:05:43","2011-11-11 01:11:39","2099-12-31 00:00:00","Y","2018-11-16 07:22:41"
"0006776000","2018-11-16 07:05:43","2011-11-11 01:11:39","2099-12-31 00:00:00","Y","2018-11-16 07:22:41"
"0006800   ","2018-11-16 07:05:43","2011-01-25 05:42:00","2099-12-31 00:00:00","Y","2018-11-16 07:22:41"
"0006806000","2018-11-16 07:05:43","2011-12-16 05:55:47","2099-12-31 00:00:00","Y","2018-11-16 07:22:41"
"0006892574","2018-11-16 07:05:43","2012-08-21 01:35:38","2099-12-31 00:00:00","Y","2018-11-16 07:22:41"
"0006975   ","2018-11-16 07:05:43","2012-04-02 05:52:38","2099-12-31 00:00:00","Y","2018-11-16 07:22:41"
"0006979000","2018-11-16 07:05:43","2011-12-16 05:46:30","2099-12-31 00:00:00","Y","2018-11-16 07:22:41"
"0007216   ","2018-11-16 07:05:43","2012-04-02 05:52:38","2099-12-31 00:00:00","Y","2018-11-16 07:22:41"
"0007278   ","2018-11-16 07:05:43","2013-11-11 03:18:03","2099-12-31 00:00:00","Y","2018-11-16 07:22:41"
"0007350   ","2018-11-16 07:05:43","2012-04-02 05:52:38","2099-12-31 00:00:00","Y","2018-11-16 07:22:41"
"0007362   ","2018-11-16 07:05:43","2011-01-25 05:42:00","2099-12-31 00:00:00","Y","2018-11-16 07:22:41"
"0007380   ","2018-11-16 07:05:43","2011-01-25 05:42:00","2099-12-31 00:00:00","Y","2018-11-16 07:22:41"
"0007387   ","2018-11-16 07:05:43","2010-02-11 13:53:00","2099-12-31 00:00:00","Y","2018-11-16 07:22:41"
"0007560   ","2018-11-16 07:05:43","2012-06-08 05:40:22","2099-12-31 00:00:00","Y","2018-11-16 07:22:41"
"0007652   ","2018-11-16 07:05:43","2012-04-02 05:52:38","2099-12-31 00:00:00","Y","2018-11-16 07:22:41"
"0007701000","2018-11-16 07:05:43","2011-10-28 06:54:53","2099-12-31 00:00:00","Y","2018-11-16 07:22:41"
"0008003000","2018-11-16 07:05:43","2013-01-15 02:22:09","2099-12-31 00:00:00","Y","2018-11-16 07:22:41"
"0008022000","2018-11-16 07:05:43","2013-09-04 00:47:05","2099-12-31 00:00:00","Y","2018-11-16 07:22:41"
"0008038000","2018-11-16 07:05:43","2011-11-01 23:50:54","2099-12-31 00:00:00","Y","2018-11-16 07:22:41"
"0008042   ","2018-11-16 07:05:43","2012-07-20 04:45:38","2099-12-31 00:00:00","Y","2018-11-16 07:22:41"
"0008056000","2018-11-16 07:05:43","2011-10-31 04:12:35","2099-12-31 00:00:00","Y","2018-11-16 07:22:41"
"0008071000","2018-11-16 07:05:43","2011-11-02 23:58:55","2099-12-31 00:00:00","Y","2018-11-16 07:22:41"
"0008091000","2018-11-16 07:05:43","2013-09-04 00:47:05","2099-12-31 00:00:00","Y","2018-11-16 07:22:41"
"0008099000","2018-11-16 07:05:43","2011-11-24 01:12:55","2099-12-31 00:00:00","Y","2018-11-16 07:22:41"
"0008099001","2018-11-16 07:05:43","2011-11-24 01:12:55","2099-12-31 00:00:00","Y","2018-11-16 07:22:41"
"0008099002","2018-11-16 07:05:43","2011-11-24 01:12:55","2099-12-31 00:00:00","Y","2018-11-16 07:22:41"
"0008099004","2018-11-16 07:05:43","2011-11-23 23:43:48","2099-12-31 00:00:00","Y","2018-11-16 07:22:41"
"0008099005","2018-11-16 07:05:43","2011-11-23 23:43:48","2099-12-31 00:00:00","Y","2018-11-16 07:22:41"
"0008099006","2018-11-16 07:05:43","2011-11-23 23:43:48","2099-12-31 00:00:00","Y","2018-11-16 07:22:41"
"0008131   ","2018-11-16 07:05:43","2011-11-02 23:58:55","2099-12-31 00:00:00","Y","2018-11-16 07:22:41"
"0008131000","2018-11-16 07:05:43","2011-11-02 23:58:55","2099-12-31 00:00:00","Y","2018-11-16 07:22:41"
"0008132000","2018-11-16 07:05:43","2011-11-02 23:15:22","2099-12-31 00:00:00","Y","2018-11-16 07:22:41"
"0008166000","2018-11-16 07:05:43","2011-09-24 01:11:29","2099-12-31 00:00:00","Y","2018-11-16 07:22:41"
"0008178000","2018-11-16 07:05:43","2011-11-02 23:15:22","2099-12-31 00:00:00","Y","2018-11-16 07:22:41"
"0008248   ","2018-11-16 07:05:43","2011-01-25 05:42:00","2099-12-31 00:00:00","Y","2018-11-16 07:22:41"
"0008302000","2018-11-16 07:05:43","2011-11-02 23:15:22","2099-12-31 00:00:00","Y","2018-11-16 07:22:41"
"0008472   ","2018-11-16 07:05:43","2016-06-19 07:35:35","2099-12-31 00:00:00","Y","2018-11-16 07:22:41"
"0008600114","2018-11-16 07:05:43","2011-10-21 03:46:08","2099-12-31 00:00:00","Y","2018-11-16 07:22:41"
"0008600186","2018-11-16 07:05:43","2013-09-04 00:47:05","2099-12-31 00:00:00","Y","2018-11-16 07:22:41"
"0008604000","2018-11-16 07:05:43","2011-12-16 05:51:00","2099-12-31 00:00:00","Y","2018-11-16 07:22:41"
"0009178   ","2018-11-16 07:05:43","2011-01-25 05:42:00","2099-12-31 00:00:00","Y","2018-11-16 07:22:41"
"0009765   ","2018-11-16 07:05:43","2012-10-17 02:07:34","2099-12-31 00:00:00","Y","2018-11-16 07:22:41"
"0009989   ","2018-11-16 07:05:43","2011-01-25 05:42:00","2099-12-31 00:00:00","Y","2018-11-16 07:22:41"
"0010001000","2018-11-16 07:05:43","2011-10-14 05:12:37","2099-12-31 00:00:00","Y","2018-11-16 07:22:41"
"0010461   ","2018-11-16 07:05:43","2011-01-29 23:55:00","2099-12-31 00:00:00","Y","2018-11-16 07:22:41"
"0010561   ","2018-11-16 07:05:43","2014-02-14 14:21:39","2099-12-31 00:00:00","Y","2018-11-16 07:22:41"
"0010591000","2018-11-16 07:05:43","2011-11-23 23:43:48","2099-12-31 00:00:00","Y","2018-11-16 07:22:41"
"0011029000","2018-11-16 07:05:43","2011-11-24 01:12:55","2099-12-31 00:00:00","Y","2018-11-16 07:22:41"
"0011196   ","2018-11-16 07:05:43","2011-01-25 05:42:00","2099-12-31 00:00:00","Y","2018-11-16 07:22:41"
"0011312   ","2018-11-16 07:05:43","2014-02-14 14:21:39","2099-12-31 00:00:00","Y","2018-11-16 07:22:41"
"0011474000","2018-11-16 07:05:43","2011-09-14 04:59:30","2099-12-31 00:00:00","Y","2018-11-16 07:22:41"
"0011657   ","2018-11-16 07:05:43","2011-01-25 05:42:00","2099-12-31 00:00:00","Y","2018-11-16 07:22:41"
"0011781   ","2018-11-16 07:05:43","2011-01-25 05:42:00","2099-12-31 00:00:00","Y","2018-11-16 07:22:41"
"0012234   ","2018-11-16 07:05:43","2012-07-20 04:45:38","2099-12-31 00:00:00","Y","2018-11-16 07:22:41"
"0012813   ","2018-11-16 07:05:43","2011-01-25 05:42:00","2099-12-31 00:00:00","Y","2018-11-16 07:22:41"
"0013377   ","2018-11-16 07:05:43","2011-01-25 05:42:00","2099-12-31 00:00:00","Y","2018-11-16 07:22:41"
"0013392000","2018-11-16 07:05:43","2011-11-23 23:43:48","2099-12-31 00:00:00","Y","2018-11-16 07:22:41"
"0014780   ","2018-11-16 07:05:43","2011-01-25 05:42:00","2099-12-31 00:00:00","Y","2018-11-16 07:22:41"
"0014967   ","2018-11-16 07:05:43","2011-01-25 05:42:00","2099-12-31 00:00:00","Y","2018-11-16 07:22:41"
"0015063   ","2018-11-16 07:05:43","2011-01-25 05:42:00","2099-12-31 00:00:00","Y","2018-11-16 07:22:41"
"0015340000","2018-11-16 07:05:43","2011-11-24 01:12:55","2099-12-31 00:00:00","Y","2018-11-16 07:22:41"
"0015467000","2018-11-16 07:05:43","2011-11-23 23:43:48","2099-12-31 00:00:00","Y","2018-11-16 07:22:41"
"0015496000","2018-11-16 07:05:43","2011-11-24 01:12:55","2099-12-31 00:00:00","Y","2018-11-16 07:22:41"
"0015681   ","2018-11-16 07:05:43","2011-01-25 05:42:00","2099-12-31 00:00:00","Y","2018-11-16 07:22:41"
"0015899001","2018-11-16 07:05:43","2011-11-24 01:12:55","2099-12-31 00:00:00","Y","2018-11-16 07:22:41"
"0015908000","2018-11-16 07:05:43","2011-11-23 23:43:48","2099-12-31 00:00:00","Y","2018-11-16 07:22:41"
"0016074000","2018-11-16 07:05:43","2013-01-15 02:16:43","2099-12-31 00:00:00","Y","2018-11-16 07:22:41"
"0016091   ","2018-11-16 07:05:43","2011-01-25 05:42:00","2099-12-31 00:00:00","Y","2018-11-16 07:22:41"
"0016286   ","2018-11-16 07:05:43","2011-01-30 01:07:00","2099-12-31 00:00:00","Y","2018-11-16 07:22:41"
"0016623   ","2018-11-16 07:05:43","2011-01-25 05:42:00","2099-12-31 00:00:00","Y","2018-11-16 07:22:41"
"0016883   ","2018-11-16 07:05:43","2011-01-25 05:42:00","2099-12-31 00:00:00","Y","2018-11-16 07:22:41"
"0017282000","2018-11-16 07:05:43","2011-11-23 23:43:48","2099-12-31 00:00:00","Y","2018-11-16 07:22:41"
"0017299000","2018-11-16 07:05:43","2011-11-23 23:43:48","2099-12-31 00:00:00","Y","2018-11-16 07:22:41"
"0018223000","2018-11-16 07:05:43","2013-09-04 00:47:05","2099-12-31 00:00:00","Y","2018-11-16 07:22:41"
"0018239   ","2018-11-16 07:05:43","2010-12-07 14:43:00","2099-12-31 00:00:00","Y","2018-11-16 07:22:41"
"0018323000","2018-11-16 07:05:43","2011-11-23 23:43:48","2099-12-31 00:00:00","Y","2018-11-16 07:22:41"
"0018544000","2018-11-16 07:05:43","2013-09-04 00:47:05","2099-12-31 00:00:00","Y","2018-11-16 07:22:41"
"0018591000","2018-11-16 07:05:43","2011-11-24 01:12:55","2099-12-31 00:00:00","Y","2018-11-16 07:22:41"
"0019009512","2018-11-16 07:05:43","2011-10-28 04:00:56","2099-12-31 00:00:00","Y","2018-11-16 07:22:41"
"0019229   ","2018-11-16 07:05:43","2011-01-25 05:42:00","2099-12-31 00:00:00","Y","2018-11-16 07:22:41"
"0019525   ","2018-11-16 07:05:43","2011-01-25 05:42:00","2099-12-31 00:00:00","Y","2018-11-16 07:22:41"
"0019575   ","2018-11-16 07:05:43","2011-01-25 05:42:00","2099-12-31 00:00:00","Y","2018-11-16 07:22:41"
"0020000300","2018-11-16 07:05:43","2012-01-13 04:43:04","2099-12-31 00:00:00","Y","2018-11-16 07:22:41"
"0020057031","2018-11-16 07:05:43","2011-12-16 05:49:57","2099-12-31 00:00:00","Y","2018-11-16 07:22:41"
"0020099001","2018-11-16 07:05:43","2011-11-30 23:35:11","2099-12-31 00:00:00","Y","2018-11-16 07:22:41"
"0020166015","2018-11-16 07:05:43","2011-12-16 05:47:21","2099-12-31 00:00:00","Y","2018-11-16 07:22:41"
"0020926000","2018-11-16 07:05:43","2013-10-28 07:46:50","2099-12-31 00:00:00","Y","2018-11-16 07:22:41"
"0021220000","2018-11-16 07:05:43","2013-09-04 00:47:05","2099-12-31 00:00:00","Y","2018-11-16 07:22:41"
"0021286000","2018-11-16 07:05:43","2013-09-04 00:47:05","2099-12-31 00:00:00","Y","2018-11-16 07:22:41"
"0021730   ","2018-11-16 07:05:43","2011-01-25 05:42:00","2099-12-31 00:00:00","Y","2018-11-16 07:22:41"
"0021845   ","2018-11-16 07:05:43","2011-01-25 05:42:00","2099-12-31 00:00:00","Y","2018-11-16 07:22:41"
"0022301000","2018-11-16 07:05:43","2013-09-04 00:47:05","2099-12-31 00:00:00","Y","2018-11-16 07:22:41"
"0022312   ","2018-11-16 07:05:43","2011-01-25 05:42:00","2099-12-31 00:00:00","Y","2018-11-16 07:22:41"
"0023422000","2018-11-16 07:05:43","2013-10-24 02:16:40","2099-12-31 00:00:00","Y","2018-11-16 07:22:41"
"0024145   ","2018-11-16 07:05:43","2011-01-30 00:51:00","2099-12-31 00:00:00","Y","2018-11-16 07:22:41"
"0024236   ","2018-11-16 07:05:43","2011-01-25 05:42:00","2099-12-31 00:00:00","Y","2018-11-16 07:22:41"
"0024447   ","2018-11-16 07:05:43","2011-01-29 13:34:00","2099-12-31 00:00:00","Y","2018-11-16 07:22:41"
"0025407000","2018-11-16 07:05:43","2013-09-04 00:47:05","2099-12-31 00:00:00","Y","2018-11-16 07:22:41"
"0025481   ","2018-11-16 07:05:43","2011-01-25 05:42:00","2099-12-31 00:00:00","Y","2018-11-16 07:22:41"
"0026473000","2018-11-16 07:05:43","2013-10-28 07:45:06","2099-12-31 00:00:00","Y","2018-11-16 07:22:41"
"0027211000","2018-11-16 07:05:43","2013-10-28 07:44:06","2099-12-31 00:00:00","Y","2018-11-16 07:22:41"
"0027368000","2018-11-16 07:05:43","2013-01-15 02:16:43","2099-12-31 00:00:00","Y","2018-11-16 07:22:41"
"0028065000","2018-11-16 07:05:43","2013-01-15 02:16:43","2099-12-31 00:00:00","Y","2018-11-16 07:22:41"
"0028112000","2018-11-16 07:05:43","2011-11-24 01:12:55","2099-12-31 00:00:00","Y","2018-11-16 07:22:41"
"0028430   ","2018-11-16 07:05:43","2011-01-25 05:42:00","2099-12-31 00:00:00","Y","2018-11-16 07:22:41"
"0028456000","2018-11-16 07:05:43","2011-12-20 02:36:52","2099-12-31 00:00:00","Y","2018-11-16 07:22:41"
"0028462000","2018-11-16 07:05:43","2011-12-20 02:36:51","2099-12-31 00:00:00","Y","2018-11-16 07:22:41"
"0028463000","2018-11-16 07:05:43","2011-12-20 02:36:58","2099-12-31 00:00:00","Y","2018-11-16 07:22:41"
"0028472000","2018-11-16 07:05:43","2011-12-20 02:36:59","2099-12-31 00:00:00","Y","2018-11-16 07:22:41"
"0028767   ","2018-11-16 07:05:43","2011-01-25 05:42:00","2099-12-31 00:00:00","Y","2018-11-16 07:22:41"
"0029457   ","2018-11-16 07:05:43","2012-09-25 07:21:03","2099-12-31 00:00:00","Y","2018-11-16 07:22:41"
"0030028000","2018-11-16 07:05:43","2011-09-24 01:11:17","2099-12-31 00:00:00","Y","2018-11-16 07:22:41"
"0030031000","2018-11-16 07:05:43","2011-09-15 08:55:50","2099-12-31 00:00:00","Y","2018-11-16 07:22:41"
"0032001000","2018-11-16 07:05:43","2011-10-05 08:55:51","2099-12-31 00:00:00","Y","2018-11-16 07:22:41"
"0032014000","2018-11-16 07:05:43","2011-09-14 04:59:37","2099-12-31 00:00:00","Y","2018-11-16 07:22:41"
"0032016000","2018-11-16 07:05:43","2011-09-24 01:11:17","2099-12-31 00:00:00","Y","2018-11-16 07:22:41"
"0033746   ","2018-11-16 07:05:43","2012-12-24 02:40:11","2099-12-31 00:00:00","Y","2018-11-16 07:22:41"
"0033899   ","2018-11-16 07:05:43","2014-03-04 00:40:39","2099-12-31 00:00:00","Y","2018-11-16 07:22:41"
"0034417   ","2018-11-16 07:05:43","2011-01-25 05:42:00","2099-12-31 00:00:00","Y","2018-11-16 07:22:41"
"0034567   ","2018-11-16 07:05:43","2012-04-02 05:52:38","2099-12-31 00:00:00","Y","2018-11-16 07:22:41"
"0034626   ","2018-11-16 07:05:43","2011-01-25 05:42:00","2099-12-31 00:00:00","Y","2018-11-16 07:22:41"
"0034726   ","2018-11-16 07:05:43","2012-07-18 07:05:26","2099-12-31 00:00:00","Y","2018-11-16 07:22:41"
"0034949   ","2018-11-16 07:05:43","2011-01-30 00:11:00","2099-12-31 00:00:00","Y","2018-11-16 07:22:41"
"0034976   ","2018-11-16 07:05:43","2014-03-03 06:38:51","2099-12-31 00:00:00","Y","2018-11-16 07:22:41"
"0035505   ","2018-11-16 07:05:43","2010-12-07 14:43:00","2099-12-31 00:00:00","Y","2018-11-16 07:22:41"
"0035768   ","2018-11-16 07:05:43","2011-01-29 13:27:00","2099-12-31 00:00:00","Y","2018-11-16 07:22:41"
"0036247   ","2018-11-16 07:05:43","2012-09-25 07:20:56","2099-12-31 00:00:00","Y","2018-11-16 07:22:41"
"0036426   ","2018-11-16 07:05:43","2011-01-29 13:21:00","2099-12-31 00:00:00","Y","2018-11-16 07:22:41"
"0036718   ","2018-11-16 07:05:43","2011-01-29 13:23:00","2099-12-31 00:00:00","Y","2018-11-16 07:22:41"
"0037035   ","2018-11-16 07:05:43","2012-04-02 05:52:38","2099-12-31 00:00:00","Y","2018-11-16 07:22:41"
"0038248   ","2018-11-16 07:05:43","2012-08-03 03:22:06","2099-12-31 00:00:00","Y","2018-11-16 07:22:41"
"0038504   ","2018-11-16 07:05:43","2012-04-02 05:52:38","2099-12-31 00:00:00","Y","2018-11-16 07:22:41"
"0040145   ","2018-11-16 07:05:43","2011-01-25 05:42:00","2099-12-31 00:00:00","Y","2018-11-16 07:22:41"
"0040651   ","2018-11-16 07:05:43","2011-01-25 05:42:00","2099-12-31 00:00:00","Y","2018-11-16 07:22:41"
"0040834   ","2018-11-16 07:05:43","2012-04-02 05:52:38","2099-12-31 00:00:00","Y","2018-11-16 07:22:41"
"0041006   ","2018-11-16 07:05:43","2012-04-02 05:52:38","2099-12-31 00:00:00","Y","2018-11-16 07:22:41"
"0042099   ","2018-11-16 07:05:43","2011-01-25 05:42:00","2099-12-31 00:00:00","Y","2018-11-16 07:22:41"
"0042198   ","2018-11-16 07:05:43","2011-01-25 05:42:00","2099-12-31 00:00:00","Y","2018-11-16 07:22:41"
"0043145   ","2018-11-16 07:05:43","2011-01-25 05:42:00","2099-12-31 00:00:00","Y","2018-11-16 07:22:41"
"0043688   ","2018-11-16 07:05:43","2011-01-25 05:42:00","2099-12-31 00:00:00","Y","2018-11-16 07:22:41"
"0044757   ","2018-11-16 07:05:43","2011-01-25 05:42:00","2099-12-31 00:00:00","Y","2018-11-16 07:22:41"
"0045340   ","2018-11-16 07:05:43","2011-01-25 05:42:00","2099-12-31 00:00:00","Y","2018-11-16 07:22:41"
"0046306   ","2018-11-16 07:05:43","2012-04-02 05:52:38","2099-12-31 00:00:00","Y","2018-11-16 07:22:41"
"0047324   ","2018-11-16 07:05:43","2016-06-19 07:35:35","2099-12-31 00:00:00","Y","2018-11-16 07:22:41"
"0047951   ","2018-11-16 07:05:43","2011-01-25 05:42:00","2099-12-31 00:00:00","Y","2018-11-16 07:22:41"
"0048083   ","2018-11-16 07:05:43","2012-04-02 05:52:38","2099-12-31 00:00:00","Y","2018-11-16 07:22:41"
"0048115   ","2018-11-16 07:05:43","2011-01-25 05:42:00","2099-12-31 00:00:00","Y","2018-11-16 07:22:41"
"0049367   ","2018-11-16 07:05:43","2011-01-29 14:01:00","2099-12-31 00:00:00","Y","2018-11-16 07:22:41"
"0049435   ","2018-11-16 07:05:43","2011-01-25 05:42:00","2099-12-31 00:00:00","Y","2018-11-16 07:22:41"
"0049578   ","2018-11-16 07:05:43","2011-01-29 13:51:00","2099-12-31 00:00:00","Y","2018-11-16 07:22:41"
"0049708   ","2018-11-16 07:05:43","2011-01-25 05:42:00","2099-12-31 00:00:00","Y","2018-11-16 07:22:41"
"005000600a","2018-11-16 07:05:43","2011-11-02 23:15:22","2099-12-31 00:00:00","Y","2018-11-16 07:22:41"
"0050805   ","2018-11-16 07:05:43","2011-01-25 05:42:00","2099-12-31 00:00:00","Y","2018-11-16 07:22:41"
"0050895   ","2018-11-16 07:05:43","2011-01-25 05:42:00","2099-12-31 00:00:00","Y","2018-11-16 07:22:41"
"0051139   ","2018-11-16 07:05:43","2011-01-25 05:42:00","2099-12-31 00:00:00","Y","2018-11-16 07:22:41"
"0051220   ","2018-11-16 07:05:43","2012-10-11 04:00:11","2099-12-31 00:00:00","Y","2018-11-16 07:22:41"
"0051270   ","2018-11-16 07:05:43","2011-01-30 01:08:00","2099-12-31 00:00:00","Y","2018-11-16 07:22:41"
"0051276   ","2018-11-16 07:05:43","2011-01-30 00:16:00","2099-12-31 00:00:00","Y","2018-11-16 07:22:41"
"0051401   ","2018-11-16 07:05:43","2016-06-19 07:35:35","2099-12-31 00:00:00","Y","2018-11-16 07:22:41"
"0053027   ","2018-11-16 07:05:43","2011-01-25 05:42:00","2099-12-31 00:00:00","Y","2018-11-16 07:22:41"
"0053207   ","2018-11-16 07:05:43","2011-01-25 05:42:00","2099-12-31 00:00:00","Y","2018-11-16 07:22:41"
"0053217   ","2018-11-16 07:05:43","2011-01-25 05:42:00","2099-12-31 00:00:00","Y","2018-11-16 07:22:41"
"0053293   ","2018-11-16 07:05:43","2012-09-25 07:24:05","2099-12-31 00:00:00","Y","2018-11-16 07:22:41"
"0053492   ","2018-11-16 07:05:43","2011-01-25 05:42:00","2099-12-31 00:00:00","Y","2018-11-16 07:22:41"
"0054001000","2018-11-16 07:05:43","2011-11-12 05:30:30","2099-12-31 00:00:00","Y","2018-11-16 07:22:41"
"0054410   ","2018-11-16 07:05:43","2011-01-25 05:42:00","2099-12-31 00:00:00","Y","2018-11-16 07:22:41"
"0054732   ","2018-11-16 07:05:43","2012-04-20 07:16:00","2099-12-31 00:00:00","Y","2018-11-16 07:22:41"
"0054797   ","2018-11-16 07:05:43","2011-01-25 05:42:00","2099-12-31 00:00:00","Y","2018-11-16 07:22:41"
"0054868   ","2018-11-16 07:05:43","2011-01-25 05:42:00","2099-12-31 00:00:00","Y","2018-11-16 07:22:41"
"0055388   ","2018-11-16 07:05:43","2011-01-25 05:42:00","2099-12-31 00:00:00","Y","2018-11-16 07:22:41"
"0055948   ","2018-11-16 07:05:43","2016-06-19 07:35:35","2099-12-31 00:00:00","Y","2018-11-16 07:22:41"
"0056297   ","2018-11-16 07:05:43","2011-01-25 05:42:00","2099-12-31 00:00:00","Y","2018-11-16 07:22:41"
"0056833   ","2018-11-16 07:05:43","2011-01-25 05:42:00","2099-12-31 00:00:00","Y","2018-11-16 07:22:41"
"0057458   ","2018-11-16 07:05:43","2011-01-25 05:42:00","2099-12-31 00:00:00","Y","2018-11-16 07:22:41"
"0057548   ","2018-11-16 07:05:43","2011-01-25 05:42:00","2099-12-31 00:00:00","Y","2018-11-16 07:22:41"
"0058445   ","2018-11-16 07:05:43","2016-04-05 00:30:39","2099-12-31 00:00:00","Y","2018-11-16 07:22:41"
"0059419   ","2018-11-16 07:05:43","2012-07-18 06:39:35","2099-12-31 00:00:00","Y","2018-11-16 07:22:41"
"0059491   ","2018-11-16 07:05:43","2011-01-25 05:42:00","2099-12-31 00:00:00","Y","2018-11-16 07:22:41"
"0060504   ","2018-11-16 07:05:43","2011-01-25 05:42:00","2099-12-31 00:00:00","Y","2018-11-16 07:22:41"
"0061181   ","2018-11-16 07:05:43","2011-01-25 05:42:00","2099-12-31 00:00:00","Y","2018-11-16 07:22:41"
"0061320   ","2018-11-16 07:05:43","2013-07-03 00:52:52","2099-12-31 00:00:00","Y","2018-11-16 07:22:41"
"0061341   ","2018-11-16 07:05:43","2014-03-14 01:38:29","2099-12-31 00:00:00","Y","2018-11-16 07:22:41"
"0061439   ","2018-11-16 07:05:43","2011-01-25 05:42:00","2099-12-31 00:00:00","Y","2018-11-16 07:22:41"
"0061757   ","2018-11-16 07:05:43","2011-01-25 05:42:00","2099-12-31 00:00:00","Y","2018-11-16 07:22:41"
"0062393   ","2018-11-16 07:05:43","2011-01-25 05:42:00","2099-12-31 00:00:00","Y","2018-11-16 07:22:41"
"0062669   ","2018-11-16 07:05:43","2011-01-25 05:42:00","2099-12-31 00:00:00","Y","2018-11-16 07:22:41"
"0062862   ","2018-11-16 07:05:43","2011-01-25 05:42:00","2099-12-31 00:00:00","Y","2018-11-16 07:22:41"
"0062863   ","2018-11-16 07:05:43","2011-01-25 05:42:00","2099-12-31 00:00:00","Y","2018-11-16 07:22:41"
"0063192   ","2018-11-16 07:05:43","2011-01-25 05:42:00","2099-12-31 00:00:00","Y","2018-11-16 07:22:41"
"0064141   ","2018-11-16 07:05:43","2014-04-10 00:00:00","2099-12-31 00:00:00","Y","2018-11-16 07:22:41"
"0064368   ","2018-11-16 07:05:43","2016-06-19 07:35:35","2099-12-31 00:00:00","Y","2018-11-16 07:22:41"
"0064935   ","2018-11-16 07:05:43","2012-04-02 05:52:38","2099-12-31 00:00:00","Y","2018-11-16 07:22:41"
"0065330000","2018-11-16 07:05:43","2012-01-11 02:18:12","2099-12-31 00:00:00","Y","2018-11-16 07:22:41"
"0065346   ","2018-11-16 07:05:43","2011-01-25 05:42:00","2099-12-31 00:00:00","Y","2018-11-16 07:22:41"
"0066277   ","2018-11-16 07:05:43","2012-07-20 04:45:38","2099-12-31 00:00:00","Y","2018-11-16 07:22:41"
"0067019   ","2018-11-16 07:05:43","2011-01-30 00:26:00","2099-12-31 00:00:00","Y","2018-11-16 07:22:41"
"0067213   ","2018-11-16 07:05:43","2011-01-29 14:02:00","2099-12-31 00:00:00","Y","2018-11-16 07:22:41"
"0067307   ","2018-11-16 07:05:43","2011-01-25 05:42:00","2099-12-31 00:00:00","Y","2018-11-16 07:22:41"
"0067357   ","2018-11-16 07:05:43","2012-09-25 06:22:51","2099-12-31 00:00:00","Y","2018-11-16 07:22:41"
"0067621   ","2018-11-16 07:05:43","2011-01-29 13:55:00","2099-12-31 00:00:00","Y","2018-11-16 07:22:41"
"0067780   ","2018-11-16 07:05:43","2011-01-25 05:42:00","2099-12-31 00:00:00","Y","2018-11-16 07:22:41"
"0068347   ","2018-11-16 07:05:43","2011-01-25 05:42:00","2099-12-31 00:00:00","Y","2018-11-16 07:22:41"
"0068867   ","2018-11-16 07:05:43","2016-06-19 07:35:35","2099-12-31 00:00:00","Y","2018-11-16 07:22:41"
"0069104   ","2018-11-16 07:05:43","2016-06-19 07:35:35","2099-12-31 00:00:00","Y","2018-11-16 07:22:41"
"0069742   ","2018-11-16 07:05:43","2012-09-25 07:20:50","2099-12-31 00:00:00","Y","2018-11-16 07:22:41"
"0069967   ","2018-11-16 07:05:43","2012-12-24 02:34:02","2099-12-31 00:00:00","Y","2018-11-16 07:22:41"
"0070000   ","2018-11-16 07:05:43","2016-04-04 16:29:00","2099-12-31 00:00:00","Y","2018-11-16 07:22:41"
"0070666   ","2018-11-16 07:05:43","2011-01-25 05:42:00","2099-12-31 00:00:00","Y","2018-11-16 07:22:41"
"0070899   ","2018-11-16 07:05:43","2011-01-25 05:42:00","2099-12-31 00:00:00","Y","2018-11-16 07:22:41"
"0071658   ","2018-11-16 07:05:43","2016-06-19 07:35:35","2099-12-31 00:00:00","Y","2018-11-16 07:22:41"
"0072292   ","2018-11-16 07:05:43","2011-01-25 05:42:00","2099-12-31 00:00:00","Y","2018-11-16 07:22:41"
"0072575   ","2018-11-16 07:05:43","2011-01-25 05:42:00","2099-12-31 00:00:00","Y","2018-11-16 07:22:41"
"0072961   ","2018-11-16 07:05:43","2011-01-25 05:42:00","2099-12-31 00:00:00","Y","2018-11-16 07:22:41"
"0073218   ","2018-11-16 07:05:43","2011-01-25 05:42:00","2099-12-31 00:00:00","Y","2018-11-16 07:22:41"
"0073533   ","2018-11-16 07:05:43","2011-01-25 05:42:00","2099-12-31 00:00:00","Y","2018-11-16 07:22:41"
"0073619   ","2018-11-16 07:05:43","2011-01-25 05:42:00","2099-12-31 00:00:00","Y","2018-11-16 07:22:41"
"0074152   ","2018-11-16 07:05:43","2011-01-25 05:42:00","2099-12-31 00:00:00","Y","2018-11-16 07:22:41"
"0074183   ","2018-11-16 07:05:43","2011-01-25 05:42:00","2099-12-31 00:00:00","Y","2018-11-16 07:22:41"
"0074432   ","2018-11-16 07:05:43","2011-01-25 05:42:00","2099-12-31 00:00:00","Y","2018-11-16 07:22:41"
"0074529   ","2018-11-16 07:05:43","2012-08-03 03:22:06","2099-12-31 00:00:00","Y","2018-11-16 07:22:41"
"0074565   ","2018-11-16 07:05:43","2012-09-25 07:21:09","2099-12-31 00:00:00","Y","2018-11-16 07:22:41"
"0074943   ","2018-11-16 07:05:43","2012-04-20 07:16:00","2099-12-31 00:00:00","Y","2018-11-16 07:22:41"
"0075190   ","2018-11-16 07:05:43","2014-04-10 00:00:00","2099-12-31 00:00:00","Y","2018-11-16 07:22:41"
"0075493   ","2018-11-16 07:05:43","2011-01-25 05:42:00","2099-12-31 00:00:00","Y","2018-11-16 07:22:41"
"0075496   ","2018-11-16 07:05:43","2012-04-02 05:52:38","2099-12-31 00:00:00","Y","2018-11-16 07:22:41"
"0075919   ","2018-11-16 07:05:43","2011-01-25 05:42:00","2099-12-31 00:00:00","Y","2018-11-16 07:22:41"
"0075985   ","2018-11-16 07:05:43","2012-09-25 07:24:12","2099-12-31 00:00:00","Y","2018-11-16 07:22:41"
"0076125   ","2018-11-16 07:05:43","2016-06-19 07:35:35","2099-12-31 00:00:00","Y","2018-11-16 07:22:41"
"0076284   ","2018-11-16 07:05:43","2012-09-25 07:25:01","2099-12-31 00:00:00","Y","2018-11-16 07:22:41"
"0076447   ","2018-11-16 07:05:43","2011-01-25 05:42:00","2099-12-31 00:00:00","Y","2018-11-16 07:22:41"
"0076577   ","2018-11-16 07:05:43","2012-09-25 07:25:05","2099-12-31 00:00:00","Y","2018-11-16 07:22:41"
"0076604   ","2018-11-16 07:05:43","2011-01-25 05:42:00","2099-12-31 00:00:00","Y","2018-11-16 07:22:41"
"0076752   ","2018-11-16 07:05:43","2017-03-01 16:40:46","2099-12-31 00:00:00","Y","2019-02-26 05:31:44"
"0076969   ","2018-11-16 07:05:43","2012-06-04 04:02:55","2099-12-31 00:00:00","Y","2018-11-16 07:22:41"
"0077050   ","2018-11-16 07:05:43","2012-06-04 04:02:55","2099-12-31 00:00:00","Y","2018-11-16 07:22:41"
"0077668   ","2018-11-16 07:05:43","2011-01-25 05:42:00","2099-12-31 00:00:00","Y","2018-11-16 07:22:41"
"0077731   ","2018-11-16 07:05:43","2012-04-02 05:52:38","2099-12-31 00:00:00","Y","2018-11-16 07:22:41"
"0077776   ","2018-11-16 07:05:43","2012-07-20 04:45:38","2099-12-31 00:00:00","Y","2018-11-16 07:22:41"
"0077845   ","2018-11-16 07:05:43","2011-01-25 05:42:00","2099-12-31 00:00:00","Y","2018-11-16 07:22:41"
"0077874   ","2018-11-16 07:05:43","2012-03-12 08:10:25","2099-12-31 00:00:00","Y","2018-11-16 07:22:41"
"0077926   ","2018-11-16 07:05:43","2011-01-25 05:42:00","2099-12-31 00:00:00","Y","2018-11-16 07:22:41"
"0077958   ","2018-11-16 07:05:43","2012-04-02 05:52:38","2099-12-31 00:00:00","Y","2018-11-16 07:22:41"
"0077987   ","2018-11-16 07:05:43","2012-10-17 02:07:34","2099-12-31 00:00:00","Y","2018-11-16 07:22:41"
"0078723   ","2018-11-16 07:05:43","2013-05-06 04:26:24","2099-12-31 00:00:00","Y","2018-11-16 07:22:41"
"0079503   ","2018-11-16 07:05:43","2012-09-21 01:46:46","2099-12-31 00:00:00","Y","2018-11-16 07:22:41"
"0080006002","2018-11-16 07:05:43","2011-10-28 06:55:25","2099-12-31 00:00:00","Y","2018-11-16 07:22:41"
"0080032000","2018-11-16 07:05:43","2011-12-12 04:19:19","2099-12-31 00:00:00","Y","2018-11-16 07:22:41"
"0080161000","2018-11-16 07:05:43","2011-10-28 06:55:12","2099-12-31 00:00:00","Y","2018-11-16 07:22:41"
"0080446000","2018-11-16 07:05:43","2011-10-31 00:23:18","2099-12-31 00:00:00","Y","2018-11-16 07:22:41"
"0084041   ","2018-11-16 07:05:43","2013-01-10 23:58:53","2099-12-31 00:00:00","Y","2018-11-16 07:22:41"
"0084220   ","2018-11-16 07:05:43","2013-10-09 02:42:18","2099-12-31 00:00:00","Y","2018-11-16 07:22:41"
"0084254   ","2018-11-16 07:05:43","2012-06-04 04:02:55","2099-12-31 00:00:00","Y","2018-11-16 07:22:41"
"0085254   ","2018-11-16 07:05:43","2013-09-12 15:44:13","2099-12-31 00:00:00","Y","2018-11-16 07:22:41"
"0085277   ","2018-11-16 07:05:43","2011-01-25 05:42:00","2099-12-31 00:00:00","Y","2018-11-16 07:22:41"
"0085407   ","2018-11-16 07:05:43","2012-07-20 04:45:38","2099-12-31 00:00:00","Y","2018-11-16 07:22:41"
"0086306   ","2018-11-16 07:05:43","2012-06-04 04:02:55","2099-12-31 00:00:00","Y","2018-11-16 07:22:41"
"0086404   ","2018-11-16 07:05:43","2011-01-25 05:42:00","2099-12-31 00:00:00","Y","2018-11-16 07:22:41"
"0086440   ","2018-11-16 07:05:43","2012-06-04 04:02:55","2099-12-31 00:00:00","Y","2018-11-16 07:22:41"
"0086502   ","2018-11-16 07:05:43","2013-10-09 02:42:18","2099-12-31 00:00:00","Y","2018-11-16 07:22:41"
"0086637   ","2018-11-16 07:05:43","2012-09-25 06:22:51","2099-12-31 00:00:00","Y","2018-11-16 07:22:41"
"0086947   ","2018-11-16 07:05:43","2011-01-25 05:42:00","2099-12-31 00:00:00","Y","2018-11-16 07:22:41"
"0087323   ","2018-11-16 07:05:43","2013-10-09 02:42:18","2099-12-31 00:00:00","Y","2018-11-16 07:22:41"
"0087328   ","2018-11-16 07:05:43","2012-06-04 04:02:55","2099-12-31 00:00:00","Y","2018-11-16 07:22:41"
"0087337   ","2018-11-16 07:05:43","2011-01-25 05:42:00","2099-12-31 00:00:00","Y","2018-11-16 07:22:41"
"0087507   ","2018-11-16 07:05:43","2011-01-25 05:42:00","2099-12-31 00:00:00","Y","2018-11-16 07:22:41"
"0088336   ","2018-11-16 07:05:43","2012-06-04 04:02:55","2099-12-31 00:00:00","Y","2018-11-16 07:22:41"
"0088553   ","2018-11-16 07:05:43","2011-01-25 05:42:00","2099-12-31 00:00:00","Y","2018-11-16 07:22:41"
"0088554   ","2018-11-16 07:05:43","2011-01-25 05:42:00","2099-12-31 00:00:00","Y","2018-11-16 07:22:41"
"0088604   ","2018-11-16 07:05:43","2013-10-09 02:42:18","2099-12-31 00:00:00","Y","2018-11-16 07:22:41"
"0088839   ","2018-11-16 07:05:43","2011-01-25 05:42:00","2099-12-31 00:00:00","Y","2018-11-16 07:22:41"
"0088842   ","2018-11-16 07:05:43","2012-06-04 04:02:55","2099-12-31 00:00:00","Y","2018-11-16 07:22:41"
"0088843   ","2018-11-16 07:05:43","2011-01-25 05:42:00","2099-12-31 00:00:00","Y","2018-11-16 07:22:41"
"0088846   ","2018-11-16 07:05:43","2011-01-25 05:42:00","2099-12-31 00:00:00","Y","2018-11-16 07:22:41"
"0088866   ","2018-11-16 07:05:43","2011-01-25 05:42:00","2099-12-31 00:00:00","Y","2018-11-16 07:22:41"
"0088922   ","2018-11-16 07:05:43","2013-10-31 11:08:08","2099-12-31 00:00:00","Y","2018-11-16 07:22:41"
"0088923   ","2018-11-16 07:05:43","2012-06-04 04:02:55","2099-12-31 00:00:00","Y","2018-11-16 07:22:41"
"0089013   ","2018-11-16 07:05:43","2011-01-25 05:42:00","2099-12-31 00:00:00","Y","2018-11-16 07:22:41"
"0089360   ","2018-11-16 07:05:43","2011-01-25 05:42:00","2099-12-31 00:00:00","Y","2018-11-16 07:22:41"
"0089788   ","2018-11-16 07:05:43","2011-01-25 05:42:00","2099-12-31 00:00:00","Y","2018-11-16 07:22:41"
"0089847   ","2018-11-16 07:05:43","2011-01-25 05:42:00","2099-12-31 00:00:00","Y","2018-11-16 07:22:41"
"0090041   ","2018-11-16 07:05:43","2011-01-25 05:42:00","2099-12-31 00:00:00","Y","2018-11-16 07:22:41"
"0090112   ","2018-11-16 07:05:43","2012-04-02 05:52:38","2099-12-31 00:00:00","Y","2018-11-16 07:22:41"
"0090249   ","2018-11-16 07:05:43","2014-03-04 00:40:39","2099-12-31 00:00:00","Y","2018-11-16 07:22:41"
"0090383   ","2018-11-16 07:05:43","2011-01-25 05:42:00","2099-12-31 00:00:00","Y","2018-11-16 07:22:41"
"0090820   ","2018-11-16 07:05:43","2011-01-25 05:42:00","2099-12-31 00:00:00","Y","2018-11-16 07:22:41"
"0091194   ","2018-11-16 07:05:43","2012-12-05 05:17:36","2099-12-31 00:00:00","Y","2018-11-16 07:22:41"
"0091306   ","2018-11-16 07:05:43","2011-01-25 05:42:00","2099-12-31 00:00:00","Y","2018-11-16 07:22:41"
"0091344   ","2018-11-16 07:05:43","2011-01-25 05:42:00","2099-12-31 00:00:00","Y","2018-11-16 07:22:41"
"0091411   ","2018-11-16 07:05:43","2012-04-02 05:52:38","2099-12-31 00:00:00","Y","2018-11-16 07:22:41"
"0092272   ","2018-11-16 07:05:43","2012-04-20 07:16:00","2099-12-31 00:00:00","Y","2018-11-16 07:22:41"
"0092283   ","2018-11-16 07:05:43","2012-04-02 05:52:38","2099-12-31 00:00:00","Y","2018-11-16 07:22:41"
"0092326   ","2018-11-16 07:05:43","2012-11-09 02:57:09","2099-12-31 00:00:00","Y","2018-11-16 07:22:41"
"0092486   ","2018-11-16 07:05:43","2011-01-25 05:42:00","2099-12-31 00:00:00","Y","2018-11-16 07:22:41"
"0092566   ","2018-11-16 07:05:43","2014-03-04 00:40:39","2099-12-31 00:00:00","Y","2018-11-16 07:22:41"
"0092625   ","2018-11-16 07:05:43","2016-06-19 07:35:35","2099-12-31 00:00:00","Y","2018-11-16 07:22:41"
"0092627   ","2018-11-16 07:05:43","2014-05-12 02:32:27","2099-12-31 00:00:00","Y","2018-11-16 07:22:41"
"0092891   ","2018-11-16 07:05:43","2011-01-25 05:42:00","2099-12-31 00:00:00","Y","2018-11-16 07:22:41"
"0093026   ","2018-11-16 07:05:43","2013-02-01 03:24:31","2099-12-31 00:00:00","Y","2018-11-16 07:22:41"
"0093605   ","2018-11-16 07:05:43","2012-04-02 05:52:38","2099-12-31 00:00:00","Y","2018-11-16 07:22:41"
"0093798   ","2018-11-16 07:05:43","2011-01-25 05:42:00","2099-12-31 00:00:00","Y","2018-11-16 07:22:41"
"0094017   ","2018-11-16 07:05:43","2011-01-25 05:42:00","2099-12-31 00:00:00","Y","2018-11-16 07:22:41"
"0094064   ","2018-11-16 07:05:43","2013-02-01 03:24:31","2099-12-31 00:00:00","Y","2018-11-16 07:22:41"
"0094440   ","2018-11-16 07:05:43","2011-01-25 05:42:00","2099-12-31 00:00:00","Y","2018-11-16 07:22:41"
"0094538   ","2018-11-16 07:05:43","2011-01-25 05:42:00","2099-12-31 00:00:00","Y","2018-11-16 07:22:41"
"0094613   ","2018-11-16 07:05:43","2011-01-25 05:42:00","2099-12-31 00:00:00","Y","2018-11-16 07:22:41"
"0094721   ","2018-11-16 07:05:43","2013-02-01 03:24:31","2099-12-31 00:00:00","Y","2018-11-16 07:22:41"
"0094920   ","2018-11-16 07:05:43","2011-01-25 05:42:00","2099-12-31 00:00:00","Y","2018-11-16 07:22:41"
"0094946   ","2018-11-16 07:05:43","2012-04-20 07:16:00","2099-12-31 00:00:00","Y","2018-11-16 07:22:41"
"0094965   ","2018-11-16 07:05:43","2013-01-10 23:58:53","2099-12-31 00:00:00","Y","2018-11-16 07:22:41"
"0095045   ","2018-11-16 07:05:43","2011-01-25 05:42:00","2099-12-31 00:00:00","Y","2018-11-16 07:22:41"
"0095184   ","2018-11-16 07:05:43","2012-06-04 04:02:55","2099-12-31 00:00:00","Y","2018-11-16 07:22:41"
"0095277   ","2018-11-16 07:05:43","2011-01-25 05:42:00","2099-12-31 00:00:00","Y","2018-11-16 07:22:41"
"0096363   ","2018-11-16 07:05:43","2012-04-02 05:52:38","2099-12-31 00:00:00","Y","2018-11-16 07:22:41"
"0096366   ","2018-11-16 07:05:43","2012-07-20 04:45:38","2099-12-31 00:00:00","Y","2018-11-16 07:22:41"
"0096377   ","2018-11-16 07:05:43","2012-07-20 04:45:38","2099-12-31 00:00:00","Y","2018-11-16 07:22:41"
"0096383   ","2018-11-16 07:05:43","2012-07-20 04:45:38","2099-12-31 00:00:00","Y","2018-11-16 07:22:41"
"0096508   ","2018-11-16 07:05:43","2011-01-25 05:42:00","2099-12-31 00:00:00","Y","2018-11-16 07:22:41"
"0096555   ","2018-11-16 07:05:43","2017-03-01 16:46:46","2099-12-31 00:00:00","Y","2018-11-16 07:22:41"
"0096804   ","2018-11-16 07:05:43","2013-07-03 00:52:52","2099-12-31 00:00:00","Y","2018-11-16 07:22:41"
"0096828   ","2018-11-16 07:05:43","2011-01-25 05:42:00","2099-12-31 00:00:00","Y","2018-11-16 07:22:41"
"0096859   ","2018-11-16 07:05:43","2011-01-25 05:42:00","2099-12-31 00:00:00","Y","2018-11-16 07:22:41"
"0096965   ","2018-11-16 07:05:43","2011-01-25 05:42:00","2099-12-31 00:00:00","Y","2018-11-16 07:22:41"
"0097021   ","2018-11-16 07:05:43","2011-01-25 05:42:00","2099-12-31 00:00:00","Y","2018-11-16 07:22:41"
"0097029   ","2018-11-16 07:05:43","2012-06-04 04:02:55","2099-12-31 00:00:00","Y","2018-11-16 07:22:41"
"0097063   ","2018-11-16 07:05:43","2011-01-25 05:42:00","2099-12-31 00:00:00","Y","2018-11-16 07:22:41"
"0097136   ","2018-11-16 07:05:43","2011-01-25 05:42:00","2099-12-31 00:00:00","Y","2018-11-16 07:22:41"
"0097254   ","2018-11-16 07:05:43","2011-01-25 05:42:00","2099-12-31 00:00:00","Y","2018-11-16 07:22:41"
"0097641   ","2018-11-16 07:05:43","2011-01-25 05:42:00","2099-12-31 00:00:00","Y","2018-11-16 07:22:41"
"0099175   ","2018-11-16 07:05:43","2011-01-25 05:42:00","2099-12-31 00:00:00","Y","2018-11-16 07:22:41"
"0100047000","2018-11-16 07:05:43","2012-08-24 01:10:14","2099-12-31 00:00:00","Y","2018-11-16 07:22:41"
"0100257000","2018-11-16 07:05:43","2011-11-04 08:27:13","2099-12-31 00:00:00","Y","2018-11-16 07:22:41"
"0100304000","2018-11-16 07:05:43","2012-08-15 23:15:39","2099-12-31 00:00:00","Y","2018-11-16 07:22:41"
"0100960   ","2018-11-16 07:05:43","2013-01-10 23:58:53","2099-12-31 00:00:00","Y","2018-11-16 07:22:41"
"0100999   ","2018-11-16 07:05:43","2011-01-25 05:42:00","2099-12-31 00:00:00","Y","2018-11-16 07:22:41"
"0105148   ","2018-11-16 07:05:43","2014-04-10 00:00:00","2099-12-31 00:00:00","Y","2018-11-16 07:22:41"
"0108053000","2018-11-16 07:05:43","2013-11-22 05:32:28","2099-12-31 00:00:00","Y","2018-11-16 07:22:41"
"0123015000","2018-11-16 07:05:43","2011-10-05 08:55:47","2099-12-31 00:00:00","Y","2018-11-16 07:22:41"
"0123466   ","2018-11-16 07:05:43","2011-11-14 23:06:04","2099-12-31 00:00:00","Y","2018-11-16 07:22:41"
"0158021000","2018-11-16 07:05:43","2013-11-22 05:32:28","2099-12-31 00:00:00","Y","2018-11-16 07:22:41"
"0191012000","2018-11-16 07:05:43","2011-10-05 08:55:48","2099-12-31 00:00:00","Y","2018-11-16 07:22:41"
"0200077000","2018-11-16 07:05:43","2011-11-04 08:27:13","2099-12-31 00:00:00","Y","2018-11-16 07:22:41"
"0200237000","2018-11-16 07:05:43","2012-01-11 00:27:03","2099-12-31 00:00:00","Y","2018-11-16 07:22:41"
"0201421000","2018-11-16 07:05:43","2013-11-22 05:32:28","2099-12-31 00:00:00","Y","2018-11-16 07:22:41"
"0205431000","2018-11-16 07:05:43","2013-11-22 05:32:28","2099-12-31 00:00:00","Y","2018-11-16 07:22:41"
"0220001000","2018-11-16 07:05:43","2011-10-05 08:55:49","2099-12-31 00:00:00","Y","2018-11-16 07:22:41"
"0240002000","2018-11-16 07:05:43","2013-10-25 05:17:59","2099-12-31 00:00:00","Y","2018-11-16 07:22:41"
"0240022000","2018-11-16 07:05:43","2013-06-25 00:28:47","2099-12-31 00:00:00","Y","2018-11-16 07:22:41"
"0258369147","2018-11-16 07:05:43","2011-12-23 05:42:53","2099-12-31 00:00:00","Y","2018-11-16 07:22:41"
"0300001000","2018-11-16 07:05:43","2011-09-14 04:59:41","2099-12-31 00:00:00","Y","2018-11-16 07:22:41"
"0300031000","2018-11-16 07:05:43","2011-10-28 06:56:10","2099-12-31 00:00:00","Y","2018-11-16 07:22:41"
"0300172000","2018-11-16 07:05:43","2012-08-15 23:15:39","2099-12-31 00:00:00","Y","2018-11-16 07:22:41"
"0300271000","2018-11-16 07:05:43","2013-11-22 05:32:28","2099-12-31 00:00:00","Y","2018-11-16 07:22:41"
"0301000000","2018-11-16 07:05:43","2013-11-22 05:32:28","2099-12-31 00:00:00","Y","2018-11-16 07:22:41"
"0301030000","2018-11-16 07:05:43","2011-10-20 06:47:41","2099-12-31 00:00:00","Y","2018-11-16 07:22:41"
"0301059000","2018-11-16 07:05:43","2013-10-25 05:14:59","2099-12-31 00:00:00","Y","2018-11-16 07:22:41"
"0301076000","2018-11-16 07:05:43","2011-09-14 04:59:36","2099-12-31 00:00:00","Y","2018-11-16 07:22:41"
"0301146000","2018-11-16 07:05:43","2013-10-25 05:16:16","2099-12-31 00:00:00","Y","2018-11-16 07:22:41"
"0301320000","2018-11-16 07:05:43","2013-05-03 02:43:03","2099-12-31 00:00:00","Y","2018-11-16 07:22:41"
"0301372000","2018-11-16 07:05:43","2013-07-12 05:22:01","2099-12-31 00:00:00","Y","2018-11-16 07:22:41"
"0301808000","2018-11-16 07:05:43","2011-09-14 04:59:36","2099-12-31 00:00:00","Y","2018-11-16 07:22:41"
"0305651000","2018-11-16 07:05:43","2013-09-04 00:47:05","2099-12-31 00:00:00","Y","2018-11-16 07:22:41"
"0305963000","2018-11-16 07:05:43","2011-10-13 23:46:05","2099-12-31 00:00:00","Y","2018-11-16 07:22:41"
"0306000000","2018-11-16 07:05:43","2013-11-22 05:49:42","2099-12-31 00:00:00","Y","2018-11-16 07:22:41"
"0337005000","2018-11-16 07:05:43","2011-10-05 08:55:50","2099-12-31 00:00:00","Y","2018-11-16 07:22:41"
"0347192000","2018-11-16 07:05:43","2013-11-22 05:32:28","2099-12-31 00:00:00","Y","2018-11-16 07:22:41"
"0347275000","2018-11-16 07:05:43","2013-10-25 05:16:50","2099-12-31 00:00:00","Y","2018-11-16 07:22:41"
"0350043000","2018-11-16 07:05:43","2013-11-22 05:32:28","2099-12-31 00:00:00","Y","2018-11-16 07:22:41"
"0400034000","2018-11-16 07:05:43","2012-08-28 07:50:22","2099-12-31 00:00:00","Y","2018-11-16 07:22:41"
"0400049000","2018-11-16 07:05:43","2011-11-04 08:27:13","2099-12-31 00:00:00","Y","2018-11-16 07:22:41"
"0400049992","2018-11-16 07:05:43","2012-08-24 01:10:14","2099-12-31 00:00:00","Y","2018-11-16 07:22:41"
"0402025000","2018-11-16 07:05:43","2011-09-14 04:59:35","2099-12-31 00:00:00","Y","2018-11-16 07:22:41"
"0402025111","2018-11-16 07:05:43","2011-10-23 23:12:19","2099-12-31 00:00:00","Y","2018-11-16 07:22:41"
"0406029000","2018-11-16 07:05:43","2011-12-27 00:41:27","2099-12-31 00:00:00","Y","2018-11-16 07:22:41"
"0410061000","2018-11-16 07:05:43","2011-11-27 22:57:12","2099-12-31 00:00:00","Y","2018-11-16 07:22:41"
"0477000000","2018-11-16 07:05:43","2011-10-05 08:55:50","2099-12-31 00:00:00","Y","2018-11-16 07:22:41"
"0500161001","2018-11-16 07:05:43","2011-12-16 05:48:08","2099-12-31 00:00:00","Y","2018-11-16 07:22:41"
"0500294000","2018-11-16 07:05:43","2011-09-14 04:59:31","2099-12-31 00:00:00","Y","2018-11-16 07:22:41"
"0500305000","2018-11-16 07:05:43","2012-08-15 23:15:39","2099-12-31 00:00:00","Y","2018-11-16 07:22:41"
"0500430000","2018-11-16 07:05:43","2012-08-15 23:15:39","2099-12-31 00:00:00","Y","2018-11-16 07:22:41"
"0500540000","2018-11-16 07:05:43","2011-09-24 01:11:17","2099-12-31 00:00:00","Y","2018-11-16 07:22:41"
"0500658000","2018-11-16 07:05:43","2011-09-14 04:59:31","2099-12-31 00:00:00","Y","2018-11-16 07:22:41"
"0500661000","2018-11-16 07:05:43","2011-11-11 01:11:39","2099-12-31 00:00:00","Y","2018-11-16 07:22:41"
"0501041000","2018-11-16 07:05:43","2011-10-28 06:55:44","2099-12-31 00:00:00","Y","2018-11-16 07:22:41"
"0501297000","2018-11-16 07:05:43","2011-11-11 01:11:39","2099-12-31 00:00:00","Y","2018-11-16 07:22:41"
"0501331000","2018-11-16 07:05:43","2011-12-20 02:31:53","2099-12-31 00:00:00","Y","2018-11-16 07:22:41"
"0501477000","2018-11-16 07:05:43","2012-08-15 23:15:39","2099-12-31 00:00:00","Y","2018-11-16 07:22:41"
"0501715000","2018-11-16 07:05:43","2012-09-27 08:15:30","2099-12-31 00:00:00","Y","2018-11-16 07:22:41"
"0502972001","2018-11-16 07:05:43","2013-11-12 03:48:49","2099-12-31 00:00:00","Y","2018-11-16 07:22:41"
"0503508000","2018-11-16 07:05:43","2011-10-05 08:55:47","2099-12-31 00:00:00","Y","2018-11-16 07:22:41"
"0503613000","2018-11-16 07:05:43","2011-10-05 08:55:48","2099-12-31 00:00:00","Y","2018-11-16 07:22:41"
"0510365000","2018-11-16 07:05:43","2013-11-22 05:32:28","2099-12-31 00:00:00","Y","2018-11-16 07:22:41"
"0520008000","2018-11-16 07:05:43","2013-11-22 05:32:28","2099-12-31 00:00:00","Y","2018-11-16 07:22:41"
"0520098000","2018-11-16 07:05:43","2011-12-26 00:43:52","2099-12-31 00:00:00","Y","2018-11-16 07:22:41"
"0520144000","2018-11-16 07:05:43","2013-11-22 05:32:28","2099-12-31 00:00:00","Y","2018-11-16 07:22:41"
"0520204000","2018-11-16 07:05:43","2013-10-25 05:18:33","2099-12-31 00:00:00","Y","2018-11-16 07:22:41"
"0540002000","2018-11-16 07:05:43","2011-10-28 06:55:56","2099-12-31 00:00:00","Y","2018-11-16 07:22:41"
"0540010000","2018-11-16 07:05:43","2011-10-28 04:00:56","2099-12-31 00:00:00","Y","2018-11-16 07:22:41"
"0540347000","2018-11-16 07:05:43","2011-12-16 05:45:31","2099-12-31 00:00:00","Y","2018-11-16 07:22:41"
"0560233000","2018-11-16 07:05:43","2011-11-30 23:34:59","2099-12-31 00:00:00","Y","2018-11-16 07:22:41"
"0691102000","2018-11-16 07:05:43","2011-10-05 08:55:48","2099-12-31 00:00:00","Y","2018-11-16 07:22:41"
"0691415000","2018-11-16 07:05:43","2011-10-05 08:55:49","2099-12-31 00:00:00","Y","2018-11-16 07:22:41"
"0691886000","2018-11-16 07:05:43","2011-10-05 08:55:50","2099-12-31 00:00:00","Y","2018-11-16 07:22:41"
"0691929000","2018-11-16 07:05:43","2011-10-05 08:55:50","2099-12-31 00:00:00","Y","2018-11-16 07:22:41"
"0987654321","2018-11-16 07:05:43","2011-12-23 05:28:39","2099-12-31 00:00:00","Y","2018-11-16 07:22:41"
"0992062087","2018-11-16 07:05:43","2012-08-24 01:10:14","2099-12-31 00:00:00","Y","2018-11-16 07:22:41"
"0993221114","2018-11-16 07:05:43","2011-12-20 02:54:51","2099-12-31 00:00:00","Y","2018-11-16 07:22:41"
"1001001000","2018-11-16 07:05:43","2011-11-15 03:26:58","2099-12-31 00:00:00","Y","2018-11-16 07:22:41"
"1001001001","2018-11-16 07:05:43","2011-11-15 03:26:58","2099-12-31 00:00:00","Y","2018-11-16 07:22:41"
"1001001002","2018-11-16 07:05:43","2011-11-15 03:26:58","2099-12-31 00:00:00","Y","2018-11-16 07:22:41"
"1001001003","2018-11-16 07:05:43","2011-11-15 03:26:58","2099-12-31 00:00:00","Y","2018-11-16 07:22:41"
"1001001004","2018-11-16 07:05:43","2011-11-15 03:26:58","2099-12-31 00:00:00","Y","2018-11-16 07:22:41"
"1001001005","2018-11-16 07:05:43","2011-11-15 03:26:58","2099-12-31 00:00:00","Y","2018-11-16 07:22:41"
"1001001006","2018-11-16 07:05:43","2011-11-15 03:26:58","2099-12-31 00:00:00","Y","2018-11-16 07:22:41"
"1001001007","2018-11-16 07:05:43","2011-11-15 03:26:58","2099-12-31 00:00:00","Y","2018-11-16 07:22:41"
"1001001008","2018-11-16 07:05:43","2011-11-15 03:26:58","2099-12-31 00:00:00","Y","2018-11-16 07:22:41"
"1001001009","2018-11-16 07:05:43","2011-11-15 03:26:58","2099-12-31 00:00:00","Y","2018-11-16 07:22:41"
"1006748333","2018-11-16 07:05:43","2012-10-04 04:33:56","2099-12-31 00:00:00","Y","2018-11-16 07:22:41"
"1111111111","2018-11-16 07:05:43","2011-12-29 01:18:02","2099-12-31 00:00:00","Y","2018-11-16 07:22:41"
"12        ","2018-11-16 07:05:43","2012-09-21 06:01:01","2099-12-31 00:00:00","Y","2018-11-16 07:22:41"
"1231231123","2018-11-16 07:05:43","2012-01-20 00:28:20","2099-12-31 00:00:00","Y","2018-11-16 07:22:41"
"1234564135","2018-11-16 07:05:43","2012-03-06 02:50:45","2099-12-31 00:00:00","Y","2018-11-16 07:22:41"
"1234567   ","2018-11-16 07:05:43","2012-04-02 05:52:38","2099-12-31 00:00:00","Y","2018-11-16 07:22:41"
"123456783 ","2018-11-16 07:05:43","2012-01-04 04:08:03","2099-12-31 00:00:00","Y","2018-11-16 07:22:41"
"123456784 ","2018-11-16 07:05:43","2012-01-04 02:54:59","2099-12-31 00:00:00","Y","2018-11-16 07:22:41"
"123456785 ","2018-11-16 07:05:43","2012-01-04 04:08:03","2099-12-31 00:00:00","Y","2018-11-16 07:22:41"
"123456789 ","2018-11-16 07:05:43","2011-11-12 05:10:04","2099-12-31 00:00:00","Y","2018-11-16 07:22:41"
"1234567890","2018-11-16 07:05:43","2011-12-23 05:42:53","2099-12-31 00:00:00","Y","2018-11-16 07:22:41"
"1234567891","2018-11-16 07:05:43","2012-03-12 05:49:44","2099-12-31 00:00:00","Y","2018-11-16 07:22:41"
"123456798 ","2018-11-16 07:05:43","2011-12-23 03:27:04","2099-12-31 00:00:00","Y","2018-11-16 07:22:41"
"12346579  ","2018-11-16 07:05:43","2011-12-23 03:27:04","2099-12-31 00:00:00","Y","2018-11-16 07:22:41"
"12346789  ","2018-11-16 07:05:43","2011-11-21 15:24:24","2099-12-31 00:00:00","Y","2018-11-16 07:22:41"
"12419     ","2018-11-16 07:05:43","2012-07-18 07:05:26","2099-12-31 00:00:00","Y","2018-11-16 07:22:41"
"1423423423","2018-11-16 07:05:43","2013-01-07 23:45:11","2099-12-31 00:00:00","Y","2018-11-16 07:22:41"
"1548784545","2018-11-16 07:05:43","2012-03-05 04:22:30","2099-12-31 00:00:00","Y","2018-11-16 07:22:41"
"16312     ","2018-11-16 07:05:43","2011-11-12 04:23:08","2099-12-31 00:00:00","Y","2018-11-16 07:22:41"
"16341631  ","2018-11-16 07:05:43","2011-11-11 23:39:35","2099-12-31 00:00:00","Y","2018-11-16 07:22:41"
"20102001  ","2018-11-16 07:05:43","2011-10-19 02:03:17","2099-12-31 00:00:00","Y","2018-11-16 07:22:41"
"213213    ","2018-11-16 07:05:43","2012-02-21 05:25:50","2099-12-31 00:00:00","Y","2018-11-16 07:22:41"
"22222222  ","2018-11-16 07:05:43","2016-02-15 03:02:52","2099-12-31 00:00:00","Y","2018-11-16 07:22:41"
"234324234 ","2018-11-16 07:05:43","2012-02-21 05:19:15","2099-12-31 00:00:00","Y","2018-11-16 07:22:41"
"2356454589","2018-11-16 07:05:43","2012-02-20 00:27:34","2099-12-31 00:00:00","Y","2018-11-16 07:22:41"
"2356589896","2018-11-16 07:05:43","2011-11-30 23:34:59","2099-12-31 00:00:00","Y","2018-11-16 07:22:41"
"2366235568","2018-11-16 07:05:43","2011-12-13 10:50:10","2099-12-31 00:00:00","Y","2018-11-16 07:22:41"
"24332424  ","2018-11-16 07:05:43","2011-10-24 01:49:43","2099-12-31 00:00:00","Y","2018-11-16 07:22:41"
"2546457656","2018-11-16 07:05:43","2012-02-15 22:43:40","2099-12-31 00:00:00","Y","2018-11-16 07:22:41"
"2546457657","2018-11-16 07:05:43","2012-02-16 21:08:28","2099-12-31 00:00:00","Y","2018-11-16 07:22:41"
"300001000 ","2018-11-16 07:05:43","2011-11-04 08:27:13","2099-12-31 00:00:00","Y","2018-11-16 07:22:41"
"301000000 ","2018-11-16 07:05:43","2011-10-13 08:29:30","2099-12-31 00:00:00","Y","2018-11-16 07:22:41"
"301076000 ","2018-11-16 07:05:43","2011-10-13 08:30:52","2099-12-31 00:00:00","Y","2018-11-16 07:22:41"
"316316313 ","2018-11-16 07:05:43","2011-11-11 23:39:35","2099-12-31 00:00:00","Y","2018-11-16 07:22:41"
"324234234 ","2018-11-16 07:05:43","2012-02-21 05:27:32","2099-12-31 00:00:00","Y","2018-11-16 07:22:41"
"3242353464","2018-11-16 07:05:43","2013-11-25 05:58:14","2099-12-31 00:00:00","Y","2018-11-16 07:22:41"
"324422423 ","2018-11-16 07:05:43","2011-11-01 23:50:54","2099-12-31 00:00:00","Y","2018-11-16 07:22:41"
"3267787832","2018-11-16 07:05:43","2012-01-10 00:04:59","2099-12-31 00:00:00","Y","2018-11-16 07:22:41"
"333333333 ","2018-11-16 07:05:43","2016-02-15 03:02:52","2099-12-31 00:00:00","Y","2018-11-16 07:22:41"
"3333333333","2018-11-16 07:05:43","2012-02-19 22:31:29","2099-12-31 00:00:00","Y","2018-11-16 07:22:41"
"342345235 ","2018-11-16 07:05:43","2012-01-30 00:38:13","2099-12-31 00:00:00","Y","2018-11-16 07:22:41"
"3616341   ","2018-11-16 07:05:43","2011-11-11 23:39:35","2099-12-31 00:00:00","Y","2018-11-16 07:22:41"
"39740     ","2018-11-16 07:05:43","2012-07-18 07:05:26","2099-12-31 00:00:00","Y","2018-11-16 07:22:41"
"400049000 ","2018-11-16 07:05:43","2011-11-02 23:15:22","2099-12-31 00:00:00","Y","2018-11-16 07:22:41"
"402025000 ","2018-11-16 07:05:43","2011-10-13 08:30:24","2099-12-31 00:00:00","Y","2018-11-16 07:22:41"
"4121212121","2018-11-16 07:05:43","2012-02-21 23:46:22","2099-12-31 00:00:00","Y","2018-11-16 07:22:41"
"4354354545","2018-11-16 07:05:43","2012-03-06 23:10:38","2099-12-31 00:00:00","Y","2018-11-16 07:22:41"
"4356346346","2018-11-16 07:05:43","2012-02-21 05:15:59","2099-12-31 00:00:00","Y","2018-11-16 07:22:41"
"44444444  ","2018-11-16 07:05:43","2016-02-15 03:02:52","2099-12-31 00:00:00","Y","2018-11-16 07:22:41"
"444444444 ","2018-11-16 07:05:43","2011-09-26 08:09:31","2099-12-31 00:00:00","Y","2018-11-16 07:22:41"
"4444444444","2018-11-16 07:05:43","2011-11-27 22:57:12","2099-12-31 00:00:00","Y","2018-11-16 07:22:41"
"4512129886","2018-11-16 07:05:43","2012-02-14 05:42:20","2099-12-31 00:00:00","Y","2018-11-16 07:22:41"
"4534534534","2018-11-16 07:05:43","2011-11-02 23:58:55","2099-12-31 00:00:00","Y","2018-11-16 07:22:41"
"4542121212","2018-11-16 07:05:43","2012-09-24 02:00:23","2099-12-31 00:00:00","Y","2018-11-16 07:22:41"
"4545456562","2018-11-16 07:05:43","2012-01-06 04:31:17","2099-12-31 00:00:00","Y","2018-11-16 07:22:41"
"4548787845","2018-11-16 07:05:43","2012-02-14 05:48:12","2099-12-31 00:00:00","Y","2018-11-16 07:22:41"
"456123785 ","2018-11-16 07:05:43","2012-01-04 05:39:35","2099-12-31 00:00:00","Y","2018-11-16 07:22:41"
"456123789 ","2018-11-16 07:05:43","2011-12-23 05:42:53","2099-12-31 00:00:00","Y","2018-11-16 07:22:41"
"4635135654","2018-11-16 07:05:43","2011-12-23 03:27:04","2099-12-31 00:00:00","Y","2018-11-16 07:22:41"
"46546     ","2018-11-16 07:05:43","2011-11-12 05:30:30","2099-12-31 00:00:00","Y","2018-11-16 07:22:41"
"47688     ","2018-11-16 07:05:43","2012-07-18 07:05:26","2099-12-31 00:00:00","Y","2018-11-16 07:22:41"
"4787654656","2018-11-16 07:05:43","2012-02-14 23:10:17","2099-12-31 00:00:00","Y","2018-11-16 07:22:41"
"4842124433","2018-11-16 07:05:43","2012-02-20 00:31:20","2099-12-31 00:00:00","Y","2018-11-16 07:22:41"
"5092319850","2018-11-16 07:05:43","2012-01-19 23:19:49","2099-12-31 00:00:00","Y","2018-11-16 07:22:41"
"5234234234","2018-11-16 07:05:43","2012-02-14 04:12:36","2099-12-31 00:00:00","Y","2018-11-16 07:22:41"
"5253      ","2018-11-16 07:05:43","2011-11-12 05:30:30","2099-12-31 00:00:00","Y","2018-11-16 07:22:41"
"5345345353","2018-11-16 07:05:43","2012-02-17 04:36:54","2099-12-31 00:00:00","Y","2018-11-16 07:22:41"
"53648     ","2018-11-16 07:05:43","2012-07-18 07:05:26","2099-12-31 00:00:00","Y","2018-11-16 07:22:41"
"5474545465","2018-11-16 07:05:43","2012-02-20 00:21:54","2099-12-31 00:00:00","Y","2018-11-16 07:22:41"
"5487898898","2018-11-16 07:05:43","2012-03-05 04:22:30","2099-12-31 00:00:00","Y","2018-11-16 07:22:41"
"55555555  ","2018-11-16 07:05:43","2016-02-15 03:02:52","2099-12-31 00:00:00","Y","2018-11-16 07:22:41"
"555555555 ","2018-11-16 07:05:43","2011-11-25 09:45:46","2099-12-31 00:00:00","Y","2018-11-16 07:22:41"
"5555555555","2018-11-16 07:05:43","2013-01-08 13:29:13","2099-12-31 00:00:00","Y","2018-11-16 07:22:41"
"56466     ","2018-11-16 07:05:43","2011-11-12 05:30:30","2099-12-31 00:00:00","Y","2018-11-16 07:22:41"
"5651745455","2018-11-16 07:05:43","2012-02-21 03:39:47","2099-12-31 00:00:00","Y","2018-11-16 07:22:41"
"576568768 ","2018-11-16 07:05:43","2011-11-01 23:50:54","2099-12-31 00:00:00","Y","2018-11-16 07:22:41"
"5894848646","2018-11-16 07:05:43","2012-02-19 21:59:19","2099-12-31 00:00:00","Y","2018-11-16 07:22:41"
"6126416341","2018-11-16 07:05:43","2011-11-11 23:39:35","2099-12-31 00:00:00","Y","2018-11-16 07:22:41"
"62433     ","2018-11-16 07:05:43","2012-07-18 07:05:26","2099-12-31 00:00:00","Y","2018-11-16 07:22:41"
"63146435  ","2018-11-16 07:05:43","2011-11-11 23:39:35","2099-12-31 00:00:00","Y","2018-11-16 07:22:41"
"635163136 ","2018-11-16 07:05:43","2011-11-18 00:39:43","2099-12-31 00:00:00","Y","2018-11-16 07:22:41"
"6413516311","2018-11-16 07:05:43","2011-11-23 23:43:48","2099-12-31 00:00:00","Y","2018-11-16 07:22:41"
"641631    ","2018-11-16 07:05:43","2011-11-11 23:39:35","2099-12-31 00:00:00","Y","2018-11-16 07:22:41"
"6435416413","2018-11-16 07:05:43","2011-11-11 23:39:35","2099-12-31 00:00:00","Y","2018-11-16 07:22:41"
"6463144154","2018-11-16 07:05:43","2011-11-21 15:24:24","2099-12-31 00:00:00","Y","2018-11-16 07:22:41"
"6511453666","2018-11-16 07:05:43","2012-02-20 00:25:07","2099-12-31 00:00:00","Y","2018-11-16 07:22:41"
"6547568569","2018-11-16 07:05:43","2013-11-25 05:55:51","2099-12-31 00:00:00","Y","2018-11-16 07:22:41"
"6576578687","2018-11-16 07:05:43","2011-11-01 23:50:54","2099-12-31 00:00:00","Y","2018-11-16 07:22:41"
"6578798708","2018-11-16 07:05:43","2014-11-12 01:14:27","2099-12-31 00:00:00","Y","2018-11-16 07:22:41"
"666666    ","2018-11-16 07:05:43","2011-11-12 05:30:30","2099-12-31 00:00:00","Y","2018-11-16 07:22:41"
"6666666666","2018-11-16 07:05:43","2012-03-02 05:41:52","2099-12-31 00:00:00","Y","2018-11-16 07:22:41"
"6676767676","2018-11-16 07:05:43","2012-03-05 04:16:35","2099-12-31 00:00:00","Y","2018-11-16 07:22:41"
"6768372239","2018-11-16 07:05:43","2012-01-10 00:03:13","2099-12-31 00:00:00","Y","2018-11-16 07:22:41"
"7454565988","2018-11-16 07:05:43","2012-02-14 05:42:20","2099-12-31 00:00:00","Y","2018-11-16 07:22:41"
"7587673467","2018-11-16 07:05:43","2012-02-14 04:09:11","2099-12-31 00:00:00","Y","2018-11-16 07:22:41"
"7654977854","2018-11-16 07:05:43","2012-01-09 07:22:05","2099-12-31 00:00:00","Y","2018-11-16 07:22:41"
"76676     ","2018-11-16 07:05:43","2011-11-12 00:22:36","2099-12-31 00:00:00","Y","2018-11-16 07:22:41"
"77060     ","2018-11-16 07:05:43","2012-07-18 07:05:26","2099-12-31 00:00:00","Y","2018-11-16 07:22:41"
"77718     ","2018-11-16 07:05:43","2012-07-18 07:05:26","2099-12-31 00:00:00","Y","2018-11-16 07:22:41"
"7777777777","2018-11-16 07:05:43","2012-10-17 06:49:53","2099-12-31 00:00:00","Y","2018-11-16 07:22:41"
"78222     ","2018-11-16 07:05:43","2012-07-18 07:05:26","2099-12-31 00:00:00","Y","2018-11-16 07:22:41"
"8742121332","2018-11-16 07:05:43","2012-02-03 04:11:12","2099-12-31 00:00:00","Y","2018-11-16 07:22:41"
"8746656598","2018-11-16 07:05:43","2012-02-14 06:09:34","2099-12-31 00:00:00","Y","2018-11-16 07:22:41"
"8888888888","2018-11-16 07:05:43","2012-10-17 06:49:53","2099-12-31 00:00:00","Y","2018-11-16 07:22:41"
"8899852326","2018-11-16 07:05:43","2011-11-02 23:58:55","2099-12-31 00:00:00","Y","2018-11-16 07:22:41"
"900898888 ","2018-11-16 07:05:43","2011-10-23 23:12:19","2099-12-31 00:00:00","Y","2018-11-16 07:22:41"
"9009119000","2018-11-16 07:05:43","2011-10-24 01:49:43","2099-12-31 00:00:00","Y","2018-11-16 07:22:41"
"9009192222","2018-11-16 07:05:43","2011-11-30 23:34:59","2099-12-31 00:00:00","Y","2018-11-16 07:22:41"
"9119119110","2018-11-16 07:05:43","2011-10-24 01:49:43","2099-12-31 00:00:00","Y","2018-11-16 07:22:41"
"95276     ","2018-11-16 07:05:43","2012-07-18 07:05:26","2099-12-31 00:00:00","Y","2018-11-16 07:22:41"
"9541236563","2018-11-16 07:05:43","2012-01-05 23:55:58","2099-12-31 00:00:00","Y","2018-11-16 07:22:41"
"987654321 ","2018-11-16 07:05:43","2011-11-26 03:24:41","2099-12-31 00:00:00","Y","2018-11-16 07:22:41"
"9895645454","2018-11-16 07:05:43","2012-03-05 04:22:30","2099-12-31 00:00:00","Y","2018-11-16 07:22:41"
"9899900000","2018-11-16 07:05:43","2011-10-28 04:00:56","2099-12-31 00:00:00","Y","2018-11-16 07:22:41"
"9991000000","2018-11-16 07:05:43","2011-10-23 23:12:19","2099-12-31 00:00:00","Y","2018-11-16 07:22:41"
"9999765   ","2018-11-16 07:05:43","2011-11-12 05:30:30","2099-12-31 00:00:00","Y","2018-11-16 07:22:41"
"Sample    ","2018-11-16 07:05:43","2012-01-06 03:39:34","2099-12-31 00:00:00","Y","2018-11-16 07:22:41"
"sample    ","2018-11-16 07:05:43","2012-01-03 03:52:50","2099-12-31 00:00:00","Y","2018-11-16 07:22:41"
